,race_am_indian,race_asian,race_black,num_females,nbhd_name,nbhd_id,race_hispanic,num_males,age_10_to_14,age_15_to_19,age_20_to_24,age_25_to_34,age_35_to_44,age_45_to_54,age_55_to_59,age_5_to_9,age_60_to_64,age_65_to_74,age_75_to_84,age_85_over,age_5_under,race_white,nta,employed,unemployed,commute_car_pool,commute_car_alone,commute_other,commute_pub_transp,commute_walk,inc_10k_to_14k,inc_15k_to_24k,inc_200k_over,inc_25k_to_34k,inc_35k_to_49k,inc_50k_to_74k,inc_75k_to_99k,inc_10k_less,inc_100k_to_149k,inc_150k_to_199k,not_labor_force,total_housing_units,vehic_avail_none,vehic_avail_1,vehic_avail_2,vehic_avail_3_plus,ed_9_to12,ed_bachelors,ed_graduate,ed_high_school,ed_less_9,ed_some_college,f_divorced,f_married_separated,f_married,f_separated,f_widowed,m_divorced,m_married_separated,m_married,m_separated,m_widowed
0,15.0,1607.0,1171.0,12111.0,Brooklyn Heights-Cobble Hill                                   ,BK09,1866.0,11834.0,567.0,1089.0,1338.0,5746.0,4327.0,2814.0,1403.0,693.0,1240.0,1596.0,936.0,556.0,1640.0,18242.0,Brooklyn Heights-Cobble Hill,13770.0,985.0,213.0,732.0,436.0,9440.0,1541.0,315.0,680.0,2864.0,620.0,714.0,1248.0,1228.0,572.0,1857.0,1124.0,6158.0,12760.0,8124.0,2607.0,411.0,80.0,141.0,6647.0,8001.0,1630.0,217.0,1401.0,862.0,4822.0,4350.0,111.0,700.0,568.0,4853.0,4479.0,119.0,181.0
1,37.0,10015.0,3888.0,34118.0,Sheepshead Bay-Gerritsen Beach-Manhattan Beac                  ,BK17,4562.0,28915.0,3547.0,3122.0,3857.0,7362.0,8309.0,9627.0,4695.0,3309.0,4381.0,5847.0,3385.0,2580.0,3012.0,44000.0,Sheepshead Bay-Gerritsen Beach-Manhattan Beach,27126.0,2832.0,2418.0,8131.0,330.0,12650.0,2060.0,1581.0,2750.0,1161.0,2446.0,2684.0,3685.0,2980.0,3245.0,4000.0,1082.0,22612.0,27855.0,9331.0,12874.0,2982.0,427.0,3193.0,11851.0,5892.0,13267.0,2638.0,5703.0,2617.0,13623.0,7908.0,888.0,4052.0,1351.0,13805.0,7562.0,356.0,1003.0
2,158.0,4413.0,419.0,17214.0,Brighton Beach                                                 ,BK19,4334.0,15228.0,1305.0,1553.0,1961.0,4446.0,3759.0,4529.0,2186.0,1663.0,2277.0,2914.0,3217.0,917.0,1715.0,22463.0,Brighton Beach,13258.0,1146.0,814.0,2679.0,234.0,6774.0,2035.0,1334.0,1729.0,572.0,1484.0,1280.0,1649.0,1234.0,3053.0,1132.0,655.0,12921.0,15518.0,8592.0,4320.0,986.0,224.0,1250.0,6307.0,3103.0,6130.0,1667.0,2808.0,1762.0,6910.0,3323.0,396.0,2646.0,817.0,6936.0,4058.0,322.0,589.0
3,27.0,3732.0,9798.0,15570.0,Seagate-Coney Island                                           ,BK21,6108.0,13178.0,1678.0,2454.0,2285.0,2897.0,2856.0,3837.0,1772.0,1691.0,1708.0,2984.0,2206.0,905.0,1475.0,8668.0,Seagate-Coney Island,8797.0,2403.0,639.0,1912.0,170.0,4739.0,810.0,1275.0,1774.0,93.0,948.0,1260.0,1364.0,561.0,2691.0,610.0,287.0,12286.0,12101.0,7718.0,2324.0,599.0,222.0,3265.0,2623.0,1352.0,5778.0,2573.0,2450.0,1342.0,3814.0,5012.0,844.0,2013.0,907.0,4196.0,5134.0,183.0,459.0
4,0.0,102.0,163.0,9056.0,West Brighton                                                  ,BK23,121.0,6253.0,359.0,270.0,583.0,1308.0,1719.0,1958.0,1295.0,448.0,1456.0,2583.0,2085.0,800.0,445.0,14894.0,West Brighton,6581.0,609.0,204.0,1596.0,124.0,3795.0,520.0,979.0,1116.0,189.0,549.0,1051.0,1398.0,568.0,1005.0,1034.0,205.0,6786.0,8641.0,4147.0,3455.0,402.0,90.0,626.0,3670.0,1975.0,3603.0,521.0,1756.0,1066.0,3431.0,1357.0,419.0,1981.0,406.0,3533.0,1441.0,155.0,268.0
5,37.0,4589.0,419.0,21940.0,Homecrest                                                      ,BK25,3237.0,21258.0,3243.0,2756.0,2669.0,6049.0,5777.0,5276.0,2462.0,2970.0,2345.0,3549.0,2110.0,935.0,3057.0,34130.0,Homecrest,16813.0,1954.0,1142.0,4720.0,329.0,8210.0,1598.0,932.0,1859.0,586.0,1535.0,2335.0,2795.0,1673.0,1416.0,1792.0,496.0,14560.0,16912.0,6473.0,6613.0,1987.0,346.0,2215.0,5912.0,2998.0,9218.0,2238.0,4055.0,1458.0,9337.0,4265.0,363.0,1749.0,876.0,9692.0,5505.0,191.0,492.0
6,128.0,6836.0,2148.0,15346.0,Gravesend                                                      ,BK26,3850.0,13156.0,1542.0,1608.0,1616.0,3760.0,3689.0,3396.0,1971.0,1346.0,1879.0,3152.0,1816.0,1127.0,1600.0,15333.0,Gravesend,10686.0,1379.0,753.0,2613.0,128.0,5939.0,883.0,945.0,1610.0,229.0,1527.0,1474.0,1620.0,962.0,1546.0,1031.0,288.0,11589.0,11632.0,5700.0,4342.0,914.0,276.0,2525.0,3199.0,1745.0,6625.0,2643.0,2679.0,1324.0,6160.0,3647.0,248.0,1712.0,700.0,6217.0,3493.0,132.0,381.0
7,63.0,9139.0,487.0,14449.0,Bath Beach                                                     ,BK27,3862.0,14907.0,1441.0,1253.0,1682.0,5086.0,3956.0,3618.0,1914.0,1634.0,1843.0,2683.0,1777.0,709.0,1760.0,15487.0,Bath Beach,12361.0,1170.0,1035.0,2969.0,170.0,6999.0,544.0,845.0,1204.0,434.0,972.0,1415.0,1916.0,1046.0,855.0,1530.0,539.0,10751.0,11744.0,4587.0,4558.0,1343.0,268.0,2619.0,4017.0,2014.0,6815.0,2562.0,2280.0,755.0,6385.0,3309.0,377.0,1454.0,470.0,6811.0,4382.0,161.0,417.0
8,183.0,33185.0,558.0,45755.0,Bensonhurst West                                               ,BK28,13024.0,43140.0,4834.0,5245.0,6093.0,14833.0,11523.0,11775.0,5651.0,4691.0,5140.0,7092.0,4189.0,2263.0,5566.0,41020.0,Bensonhurst West,37691.0,4508.0,2607.0,7239.0,628.0,22446.0,2966.0,1993.0,3892.0,718.0,3518.0,4376.0,5749.0,2866.0,2160.0,3384.0,1243.0,30525.0,31892.0,15564.0,10606.0,3081.0,648.0,8776.0,8809.0,4235.0,19714.0,10290.0,6867.0,2727.0,19564.0,11460.0,596.0,3868.0,1360.0,19915.0,13257.0,369.0,688.0
9,0.0,22034.0,735.0,30578.0,Bensonhurst East                                               ,BK29,7047.0,29444.0,2487.0,2956.0,4042.0,9897.0,8067.0,8001.0,4136.0,3234.0,3531.0,5515.0,3524.0,1305.0,3327.0,29363.0,Bensonhurst East,26354.0,3073.0,1569.0,5167.0,454.0,16163.0,1768.0,1472.0,2796.0,500.0,2584.0,3486.0,3602.0,2378.0,1901.0,2227.0,848.0,20779.0,23439.0,10998.0,8373.0,2082.0,341.0,6195.0,7179.0,3808.0,13489.0,6291.0,4224.0,1887.0,14142.0,6994.0,562.0,2518.0,1076.0,14588.0,8273.0,276.0,658.0
10,17.0,17673.0,250.0,23365.0,Dyker Heights                                                  ,BK30,4580.0,22612.0,2667.0,2716.0,2962.0,7013.0,6389.0,6326.0,2907.0,2562.0,2589.0,3435.0,2423.0,1158.0,2830.0,23047.0,Dyker Heights,20409.0,2099.0,1865.0,5621.0,324.0,9699.0,1587.0,715.0,1767.0,700.0,1635.0,1875.0,2934.0,1693.0,819.0,2095.0,811.0,14857.0,16088.0,5621.0,6296.0,2522.0,605.0,3638.0,4945.0,3000.0,9079.0,5930.0,3858.0,1181.0,10444.0,5358.0,239.0,2259.0,840.0,10361.0,6545.0,195.0,496.0
11,211.0,12155.0,1391.0,44594.0,Bay Ridge                                                      ,BK31,13923.0,40236.0,3983.0,4599.0,4699.0,13830.0,12584.0,12454.0,5278.0,5254.0,4678.0,6186.0,3963.0,1846.0,5476.0,55443.0,Bay Ridge,38645.0,3944.0,2283.0,9764.0,416.0,21044.0,3375.0,1810.0,3728.0,2111.0,3185.0,4321.0,5837.0,4285.0,2546.0,4698.0,2524.0,26287.0,37436.0,16454.0,13993.0,4063.0,535.0,4350.0,15471.0,10703.0,13931.0,4681.0,8557.0,3439.0,15793.0,13192.0,796.0,4164.0,1666.0,16471.0,13226.0,490.0,880.0
12,87.0,8395.0,1852.0,25672.0,Sunset Park West                                               ,BK32,35424.0,30619.0,3404.0,3095.0,4891.0,12388.0,8593.0,7047.0,2561.0,3673.0,2104.0,2108.0,1457.0,696.0,4274.0,9673.0,Sunset Park West,25899.0,3107.0,1223.0,3082.0,709.0,16195.0,3358.0,1142.0,2398.0,517.0,2003.0,2188.0,2780.0,1626.0,1650.0,2041.0,535.0,15418.0,18390.0,10694.0,5104.0,858.0,224.0,6094.0,5369.0,3003.0,7848.0,8551.0,4177.0,1767.0,8063.0,8256.0,872.0,1473.0,1511.0,9897.0,12376.0,522.0,203.0
13,15.0,2248.0,4230.0,20923.0,Carroll Gardens-Columbia Street-Red Hook                       ,BK33,8558.0,18674.0,1690.0,1650.0,1825.0,8818.0,7770.0,4540.0,2431.0,2338.0,1864.0,1955.0,1416.0,633.0,2667.0,23681.0,Carroll Gardens-Columbia Street-Red Hook,21611.0,2066.0,548.0,1791.0,824.0,13774.0,2575.0,749.0,1136.0,2671.0,1054.0,1350.0,2536.0,1689.0,1606.0,2998.0,1621.0,8804.0,19101.0,10150.0,6375.0,777.0,108.0,1889.0,9696.0,8101.0,4136.0,1924.0,2662.0,1615.0,6626.0,7722.0,525.0,1185.0,861.0,6920.0,6651.0,400.0,397.0
14,434.0,37592.0,1214.0,35216.0,Sunset Park East                                               ,BK34,23465.0,37398.0,4260.0,4531.0,5967.0,14229.0,10918.0,9495.0,3769.0,5583.0,2803.0,3151.0,1979.0,560.0,5369.0,9030.0,Sunset Park East,32612.0,4390.0,2513.0,3739.0,696.0,17960.0,5389.0,1787.0,3552.0,250.0,2789.0,3308.0,3076.0,1786.0,2136.0,1444.0,401.0,19610.0,21853.0,13488.0,5795.0,1134.0,112.0,10038.0,4789.0,1947.0,9825.0,15101.0,3418.0,2096.0,14013.0,9470.0,942.0,1842.0,1011.0,15274.0,11863.0,595.0,296.0
15,83.0,1826.0,45354.0,35544.0,Stuyvesant Heights                                             ,BK35,13702.0,29208.0,4102.0,4274.0,5237.0,10786.0,8833.0,8877.0,3556.0,4317.0,3045.0,4098.0,1779.0,725.0,5123.0,3082.0,Stuyvesant Heights,25246.0,5202.0,593.0,4298.0,391.0,17112.0,1258.0,1990.0,3370.0,552.0,2411.0,3055.0,3392.0,2248.0,4148.0,2265.0,906.0,19865.0,28316.0,15980.0,6789.0,1320.0,248.0,6115.0,5767.0,3227.0,12156.0,4167.0,7696.0,2553.0,6543.0,15253.0,1677.0,2750.0,1734.0,6695.0,12491.0,746.0,768.0
16,344.0,4906.0,3941.0,38414.0,Park Slope-Gowanus                                             ,BK37,12938.0,35356.0,2928.0,2536.0,4445.0,18971.0,13543.0,8679.0,3911.0,3458.0,3751.0,3769.0,1694.0,766.0,5319.0,48759.0,Park Slope-Gowanus,45534.0,3235.0,1061.0,3916.0,1518.0,30661.0,3216.0,819.0,1179.0,5740.0,1144.0,2597.0,4638.0,4044.0,1286.0,5750.0,3895.0,12699.0,33721.0,17750.0,11320.0,1725.0,297.0,2283.0,19588.0,19970.0,4810.0,1882.0,4915.0,2523.0,13462.0,14608.0,697.0,1357.0,1545.0,14025.0,13128.0,391.0,329.0
17,62.0,3298.0,8141.0,19096.0,DUMBO-Vinegar Hill-Downtown Brooklyn-Boerum H                  ,BK38,8609.0,18346.0,1454.0,1356.0,2405.0,9816.0,6948.0,4627.0,1521.0,2048.0,1352.0,1842.0,876.0,476.0,2721.0,16231.0,DUMBO-Vinegar Hill-Downtown Brooklyn-Boerum Hill,19388.0,2152.0,292.0,1389.0,594.0,13326.0,1736.0,839.0,1378.0,2616.0,848.0,1317.0,1667.0,1492.0,1746.0,2319.0,1580.0,9350.0,17762.0,11054.0,4067.0,628.0,53.0,2303.0,7823.0,7498.0,4004.0,1851.0,2919.0,1389.0,5379.0,7925.0,573.0,1149.0,869.0,5393.0,7911.0,346.0,285.0
18,54.0,2344.0,1337.0,11556.0,Windsor Terrace                                                ,BK40,3054.0,10427.0,893.0,826.0,1696.0,3567.0,3994.0,2964.0,1695.0,1024.0,1114.0,1370.0,960.0,330.0,1550.0,14580.0,Windsor Terrace,12366.0,1001.0,333.0,1592.0,447.0,8480.0,601.0,365.0,637.0,968.0,645.0,752.0,1513.0,1293.0,624.0,1979.0,671.0,4945.0,9938.0,4285.0,4221.0,872.0,69.0,637.0,4646.0,4588.0,2642.0,950.0,1634.0,644.0,4434.0,3630.0,170.0,855.0,626.0,4532.0,3349.0,165.0,111.0
19,99.0,9100.0,2892.0,18811.0,Kensington-Ocean Parkway                                       ,BK41,5264.0,18124.0,2720.0,2445.0,2410.0,6366.0,5390.0,4142.0,1773.0,2761.0,2068.0,1893.0,1152.0,571.0,3244.0,18637.0,Kensington-Ocean Parkway,15735.0,1470.0,804.0,2888.0,476.0,9326.0,1283.0,1096.0,1717.0,371.0,1328.0,1412.0,2098.0,1310.0,1113.0,1107.0,579.0,10424.0,12581.0,6956.0,4067.0,925.0,183.0,2107.0,5479.0,3249.0,5550.0,2222.0,3046.0,1027.0,6624.0,4557.0,638.0,1503.0,504.0,7425.0,5301.0,313.0,318.0
20,88.0,9332.0,51360.0,57274.0,Flatbush                                                       ,BK42,18893.0,48217.0,6603.0,7080.0,8991.0,17405.0,15078.0,14840.0,5807.0,6649.0,5131.0,6104.0,2937.0,1118.0,7748.0,23509.0,Flatbush,47844.0,5900.0,1447.0,7952.0,1142.0,31663.0,2808.0,2450.0,3859.0,953.0,4441.0,5369.0,6860.0,3802.0,4294.0,3605.0,1427.0,29223.0,39756.0,22693.0,11836.0,2040.0,491.0,6432.0,12514.0,7624.0,19513.0,7216.0,10876.0,4253.0,15069.0,21773.0,1912.0,3742.0,2148.0,15767.0,17739.0,1252.0,836.0
21,22.0,5059.0,2373.0,25882.0,Midwood                                                        ,BK43,3643.0,25039.0,3360.0,3496.0,4093.0,6643.0,6033.0,5835.0,3213.0,3620.0,3677.0,3458.0,2525.0,1319.0,3649.0,39121.0,Midwood,20245.0,2192.0,1128.0,5973.0,226.0,9560.0,2038.0,1485.0,2138.0,906.0,1876.0,2164.0,2599.0,1851.0,2466.0,2135.0,846.0,17090.0,19816.0,9057.0,6372.0,2598.0,439.0,1951.0,8075.0,5623.0,7633.0,2051.0,4379.0,1503.0,10535.0,6041.0,551.0,2240.0,1014.0,10729.0,6795.0,388.0,496.0
22,15.0,8788.0,270.0,20899.0,Madison                                                        ,BK44,2645.0,19580.0,1980.0,2505.0,2674.0,5042.0,4727.0,6468.0,3010.0,2356.0,2941.0,2704.0,2589.0,968.0,2515.0,28405.0,Madison,17823.0,1478.0,1139.0,4788.0,190.0,9482.0,1082.0,1113.0,1594.0,580.0,1319.0,1648.0,2841.0,1497.0,1132.0,2539.0,845.0,13845.0,16043.0,5687.0,6963.0,2203.0,255.0,1846.0,6946.0,3806.0,8058.0,2363.0,3405.0,1472.0,9305.0,4409.0,373.0,1808.0,649.0,9555.0,5322.0,175.0,560.0
23,0.0,2478.0,5249.0,24938.0,Georgetown-Marine Park-Bergen Beach-Mill Basi                  ,BK45,4524.0,22872.0,2903.0,3109.0,3029.0,5509.0,6232.0,6998.0,3353.0,3711.0,2720.0,3192.0,2572.0,1127.0,3355.0,34585.0,Georgetown-Marine Park-Bergen Beach-Mill Basin,20965.0,2222.0,1955.0,10851.0,175.0,6070.0,1003.0,485.0,1325.0,1116.0,1244.0,1758.0,2676.0,2259.0,743.0,3527.0,1490.0,13973.0,17749.0,2888.0,7629.0,5011.0,1095.0,1616.0,6925.0,4656.0,9011.0,1193.0,5621.0,1737.0,10285.0,5354.0,474.0,2353.0,872.0,10479.0,5563.0,300.0,424.0
24,102.0,721.0,97.0,10079.0,Ocean Parkway South                                            ,BK46,1698.0,9798.0,1546.0,1455.0,1526.0,2652.0,1966.0,2113.0,1100.0,1761.0,1422.0,1222.0,897.0,506.0,1711.0,17032.0,Ocean Parkway South,7591.0,853.0,413.0,1947.0,88.0,3660.0,996.0,364.0,895.0,324.0,551.0,820.0,1071.0,777.0,620.0,932.0,314.0,6109.0,7148.0,2491.0,2894.0,1041.0,242.0,725.0,2522.0,1731.0,3380.0,919.0,1862.0,589.0,3952.0,2057.0,181.0,731.0,333.0,4030.0,2722.0,58.0,206.0
25,321.0,2402.0,71367.0,47780.0,Canarsie                                                       ,BK50,6749.0,38711.0,5617.0,6972.0,6766.0,11800.0,11571.0,13587.0,6201.0,5454.0,4649.0,5092.0,2637.0,1098.0,5047.0,4626.0,Canarsie,40896.0,4385.0,2653.0,14456.0,337.0,20994.0,1255.0,995.0,2235.0,740.0,2434.0,3259.0,5208.0,4264.0,2369.0,4498.0,1733.0,23592.0,29716.0,9313.0,11641.0,5533.0,1248.0,4948.0,8941.0,4941.0,16997.0,3757.0,11402.0,3525.0,13176.0,17672.0,2002.0,2913.0,1641.0,13463.0,14364.0,948.0,669.0
26,64.0,2257.0,49785.0,38303.0,Flatlands                                                      ,BK58,5494.0,32712.0,4793.0,5130.0,5928.0,9746.0,8115.0,11044.0,5263.0,4273.0,4425.0,5098.0,2094.0,1055.0,4051.0,12245.0,Flatlands,33947.0,3656.0,1709.0,12141.0,349.0,16735.0,1190.0,761.0,2040.0,835.0,2003.0,3120.0,4225.0,3250.0,1426.0,3918.0,1681.0,19317.0,24674.0,7449.0,10044.0,4771.0,995.0,3414.0,8624.0,4522.0,14604.0,2617.0,8810.0,3369.0,11389.0,13259.0,1221.0,2529.0,1429.0,11979.0,11615.0,564.0,544.0
27,87.0,1389.0,51313.0,38215.0,Prospect Lefferts Gardens-Wingate                              ,BK60,6841.0,30449.0,3712.0,4088.0,5159.0,11634.0,9037.0,8502.0,4582.0,4294.0,3722.0,5180.0,2480.0,1241.0,5033.0,7747.0,Prospect Lefferts Gardens-Wingate,30437.0,5461.0,804.0,4756.0,365.0,20830.0,1879.0,1798.0,3214.0,542.0,3079.0,3776.0,5006.0,2469.0,2769.0,2067.0,837.0,18898.0,27977.0,16059.0,8046.0,1250.0,202.0,4469.0,7146.0,3916.0,14675.0,3777.0,9455.0,3124.0,8362.0,15785.0,1812.0,2958.0,1981.0,8360.0,11496.0,1029.0,718.0
28,213.0,2826.0,73218.0,56582.0,Crown Heights North                                            ,BK61,11836.0,45754.0,6536.0,7229.0,7896.0,19853.0,13738.0,13080.0,5435.0,5464.0,5208.0,6095.0,3328.0,1515.0,6959.0,11928.0,Crown Heights North,43836.0,6774.0,1125.0,5670.0,1320.0,30728.0,2252.0,3793.0,5307.0,678.0,4479.0,5941.0,6489.0,3646.0,6710.0,3236.0,1006.0,31116.0,46355.0,29202.0,9839.0,1894.0,350.0,9081.0,11164.0,6043.0,20193.0,5559.0,12334.0,4771.0,10178.0,25721.0,2637.0,3797.0,2913.0,10526.0,20174.0,1458.0,1202.0
29,95.0,659.0,25719.0,21853.0,Crown Heights South                                            ,BK63,3729.0,19409.0,3298.0,2763.0,4321.0,6157.0,4909.0,5175.0,2599.0,2920.0,1709.0,2408.0,1470.0,430.0,3103.0,10616.0,Crown Heights South,16933.0,3407.0,393.0,2837.0,391.0,10549.0,1928.0,1208.0,1782.0,255.0,1603.0,2275.0,2224.0,1617.0,1891.0,1425.0,336.0,11068.0,15583.0,9327.0,4261.0,909.0,119.0,2490.0,4215.0,2298.0,7701.0,1802.0,4819.0,1826.0,5206.0,7961.0,916.0,1307.0,977.0,5381.0,7435.0,606.0,326.0
30,0.0,1478.0,5149.0,10826.0,Prospect Heights                                               ,BK64,2806.0,10093.0,555.0,532.0,1009.0,5927.0,3843.0,2606.0,1299.0,1030.0,843.0,1186.0,510.0,229.0,1350.0,10694.0,Prospect Heights,13255.0,910.0,234.0,1163.0,564.0,9440.0,712.0,234.0,793.0,1124.0,665.0,626.0,1422.0,1108.0,511.0,1987.0,946.0,3702.0,10226.0,6457.0,2696.0,243.0,20.0,708.0,5870.0,5150.0,1776.0,728.0,1561.0,669.0,3163.0,4863.0,249.0,572.0,470.0,3226.0,4419.0,209.0,144.0
31,4.0,2500.0,11019.0,15590.0,Fort Greene                                                    ,BK68,5560.0,12433.0,1438.0,1411.0,2305.0,6149.0,4615.0,3092.0,1275.0,1347.0,1382.0,1830.0,940.0,468.0,1771.0,7720.0,Fort Greene,13463.0,1978.0,257.0,1329.0,490.0,8825.0,1409.0,693.0,1161.0,1067.0,1135.0,976.0,1558.0,1423.0,1424.0,1718.0,746.0,7854.0,13188.0,8190.0,3223.0,389.0,99.0,2256.0,4694.0,4659.0,2977.0,1468.0,2673.0,1157.0,3543.0,7010.0,508.0,989.0,570.0,3653.0,5491.0,305.0,241.0
32,50.0,1844.0,13284.0,18992.0,Clinton Hill                                                   ,BK69,5856.0,17460.0,1366.0,1814.0,4398.0,8583.0,6389.0,3132.0,1862.0,1759.0,1588.0,1973.0,842.0,421.0,2325.0,14036.0,Clinton Hill,19466.0,1845.0,257.0,1926.0,1033.0,12684.0,1446.0,793.0,1432.0,1094.0,969.0,1656.0,2268.0,1920.0,1298.0,2177.0,1188.0,9400.0,16940.0,8837.0,5070.0,649.0,239.0,1306.0,7580.0,5742.0,3873.0,1086.0,4027.0,1536.0,4361.0,9028.0,449.0,874.0,829.0,4823.0,8378.0,454.0,270.0
33,0.0,35.0,785.0,15454.0,Williamsburg                                                   ,BK72,3071.0,16269.0,3517.0,2774.0,2780.0,3970.0,2150.0,2177.0,1319.0,3694.0,1284.0,917.0,737.0,551.0,5853.0,27650.0,Williamsburg,8009.0,560.0,671.0,1164.0,66.0,1759.0,3906.0,1699.0,1526.0,67.0,1109.0,878.0,749.0,369.0,1670.0,224.0,54.0,9483.0,8854.0,5766.0,2035.0,534.0,10.0,2403.0,585.0,376.0,5194.0,1643.0,2527.0,277.0,5762.0,2275.0,210.0,890.0,169.0,6037.0,2738.0,56.0,245.0
34,51.0,2490.0,1165.0,24951.0,North Side-South Side                                          ,BK73,19017.0,24600.0,2029.0,2298.0,4219.0,15215.0,8301.0,4863.0,1953.0,2468.0,1474.0,1931.0,967.0,550.0,3283.0,25584.0,North Side-South Side,27707.0,2141.0,586.0,2086.0,1168.0,18083.0,2999.0,1561.0,1933.0,1618.0,1813.0,1863.0,3127.0,2179.0,2209.0,2749.0,1432.0,11418.0,22149.0,13320.0,5547.0,1508.0,109.0,2955.0,11072.0,6147.0,5585.0,3687.0,4637.0,1667.0,6273.0,11047.0,888.0,1188.0,1052.0,6705.0,12379.0,282.0,290.0
35,160.0,2090.0,33640.0,36403.0,Bedford                                                        ,BK75,13086.0,34675.0,5296.0,5078.0,6479.0,12857.0,9482.0,7426.0,2873.0,6241.0,2724.0,3053.0,1696.0,493.0,7380.0,20867.0,Bedford,27730.0,4268.0,730.0,3782.0,1225.0,16886.0,3268.0,2257.0,3140.0,432.0,2672.0,3208.0,3794.0,1951.0,3805.0,2326.0,740.0,19237.0,28349.0,16381.0,6591.0,1178.0,175.0,5772.0,6342.0,4006.0,11417.0,3804.0,7006.0,2160.0,7661.0,14380.0,1430.0,2082.0,1475.0,7949.0,13680.0,731.0,613.0
36,114.0,1810.0,340.0,16490.0,Greenpoint                                                     ,BK76,4433.0,15385.0,868.0,919.0,2516.0,10776.0,4750.0,3819.0,2065.0,934.0,1601.0,1420.0,939.0,362.0,906.0,24479.0,Greenpoint,20051.0,1342.0,516.0,2017.0,1183.0,12694.0,2038.0,739.0,1240.0,704.0,1331.0,1428.0,2666.0,2391.0,1277.0,2543.0,980.0,7572.0,17316.0,9650.0,4355.0,1217.0,77.0,1122.0,8089.0,4884.0,4656.0,1363.0,3486.0,873.0,5095.0,7324.0,331.0,1549.0,955.0,5464.0,7029.0,224.0,323.0
37,14.0,3768.0,5747.0,31297.0,Bushwick North                                                 ,BK77,46692.0,32483.0,3877.0,5131.0,7758.0,13667.0,8996.0,7429.0,2501.0,3800.0,1804.0,2365.0,1030.0,338.0,5084.0,7001.0,Bushwick North,28552.0,4430.0,714.0,2673.0,1248.0,19700.0,3070.0,1277.0,2583.0,282.0,2183.0,2817.0,3490.0,1738.0,2647.0,1593.0,525.0,17189.0,20740.0,14130.0,4102.0,720.0,183.0,7019.0,4668.0,1875.0,7432.0,11849.0,3788.0,1846.0,7254.0,12945.0,1585.0,1185.0,1072.0,8224.0,15836.0,725.0,347.0
38,303.0,1820.0,18790.0,38430.0,Bushwick South                                                 ,BK78,44553.0,35528.0,4978.0,4832.0,7283.0,15218.0,9606.0,8878.0,3362.0,5437.0,3134.0,3963.0,1981.0,698.0,4588.0,7720.0,Bushwick South,32283.0,5064.0,771.0,3744.0,1202.0,22314.0,2647.0,1859.0,3667.0,274.0,2509.0,3435.0,4004.0,2337.0,3981.0,2268.0,414.0,20702.0,27918.0,17203.0,5824.0,1463.0,258.0,6678.0,6704.0,2306.0,12087.0,9837.0,6701.0,2783.0,8093.0,16415.0,1821.0,2159.0,1378.0,8582.0,16498.0,666.0,560.0
39,17.0,248.0,24766.0,17417.0,Ocean Hill                                                     ,BK79,5492.0,14141.0,2785.0,2176.0,2339.0,4365.0,4557.0,4833.0,1268.0,2084.0,1143.0,2104.0,981.0,269.0,2654.0,619.0,Ocean Hill,12021.0,1909.0,279.0,2726.0,97.0,7803.0,565.0,1155.0,1359.0,180.0,1121.0,1863.0,1887.0,929.0,2335.0,843.0,246.0,9736.0,13649.0,7551.0,3357.0,718.0,292.0,2989.0,2386.0,626.0,6782.0,1873.0,3166.0,1261.0,3305.0,6652.0,1078.0,1291.0,929.0,3463.0,5243.0,508.0,305.0
40,75.0,494.0,46595.0,35053.0,Brownsville                                                    ,BK81,10095.0,23410.0,4924.0,5200.0,4845.0,9253.0,7182.0,7028.0,2652.0,4171.0,2369.0,3284.0,1810.0,476.0,5269.0,576.0,Brownsville,19243.0,3407.0,672.0,2890.0,249.0,13526.0,1249.0,2495.0,2779.0,130.0,2653.0,2564.0,2517.0,1273.0,4989.0,1011.0,250.0,20452.0,22247.0,14983.0,4407.0,1152.0,119.0,5470.0,2477.0,978.0,12817.0,3614.0,6383.0,1903.0,5185.0,16185.0,2119.0,2333.0,929.0,4550.0,9937.0,531.0,427.0
41,150.0,1937.0,62397.0,51307.0,East New York                                                  ,BK82,25455.0,41499.0,7348.0,8074.0,8001.0,12857.0,12270.0,11921.0,4728.0,7261.0,4299.0,4996.0,2305.0,994.0,7752.0,1481.0,East New York,32727.0,5648.0,1407.0,6863.0,323.0,21896.0,1354.0,2199.0,4051.0,292.0,3473.0,4520.0,4827.0,2638.0,6235.0,1978.0,630.0,30583.0,35203.0,19537.0,8271.0,2522.0,513.0,7432.0,4379.0,2073.0,22153.0,5434.0,9402.0,3909.0,10149.0,21297.0,2301.0,2639.0,1748.0,10052.0,16737.0,951.0,662.0
42,50.0,3131.0,11438.0,24156.0,Cypress Hills-City Line                                        ,BK83,28370.0,22389.0,3404.0,4059.0,4576.0,6792.0,6780.0,6326.0,2505.0,3283.0,1600.0,2073.0,1260.0,217.0,3670.0,2557.0,Cypress Hills-City Line,18265.0,1899.0,607.0,3932.0,307.0,12026.0,698.0,846.0,1565.0,212.0,1271.0,2015.0,2425.0,1170.0,2469.0,1211.0,314.0,15299.0,16000.0,7714.0,4214.0,1326.0,244.0,4176.0,2213.0,797.0,11142.0,4031.0,3832.0,1263.0,6677.0,8919.0,1066.0,1406.0,782.0,7084.0,8048.0,564.0,379.0
43,11.0,236.0,20219.0,16574.0,East New York (Pennsylvania Ave)                               ,BK85,9046.0,13332.0,2678.0,2720.0,2529.0,4050.0,3641.0,4016.0,1775.0,2445.0,1084.0,1388.0,601.0,120.0,2859.0,288.0,East New York (Pennsylvania Ave),10588.0,1993.0,293.0,2040.0,121.0,7034.0,582.0,815.0,1398.0,76.0,844.0,1324.0,1351.0,773.0,2324.0,812.0,111.0,8737.0,10672.0,6268.0,2409.0,1028.0,123.0,2867.0,1198.0,400.0,6047.0,2334.0,2681.0,1136.0,2988.0,6831.0,638.0,840.0,748.0,2933.0,5207.0,453.0,150.0
44,69.0,13515.0,587.0,52040.0,Borough Park                                                   ,BK88,11245.0,54302.0,9638.0,8966.0,8117.0,15401.0,10344.0,9334.0,4673.0,11083.0,5113.0,4422.0,3161.0,2457.0,13633.0,80550.0,Borough Park,35631.0,2685.0,2641.0,7107.0,650.0,12808.0,9285.0,2837.0,4692.0,769.0,4087.0,3681.0,4064.0,2102.0,2477.0,2296.0,1070.0,31514.0,30488.0,14988.0,10513.0,2264.0,310.0,7009.0,5907.0,3972.0,20378.0,8490.0,6996.0,1353.0,20683.0,9803.0,563.0,3382.0,771.0,21562.0,12594.0,367.0,910.0
45,29.0,3793.0,2727.0,17811.0,East Williamsburg                                              ,BK90,10966.0,15864.0,1148.0,1376.0,2810.0,9904.0,4440.0,3776.0,1712.0,940.0,1473.0,2144.0,1720.0,663.0,1569.0,15788.0,East Williamsburg,17973.0,1671.0,467.0,1676.0,644.0,12311.0,1466.0,1350.0,1986.0,582.0,1433.0,1670.0,2435.0,1505.0,1533.0,2007.0,686.0,10230.0,16230.0,10581.0,3491.0,1013.0,102.0,2705.0,6754.0,2892.0,5111.0,3397.0,3610.0,1331.0,4718.0,8102.0,505.0,1406.0,634.0,4923.0,7691.0,369.0,339.0
46,14.0,497.0,47407.0,29386.0,East Flatbush-Farragut                                         ,BK91,3072.0,23328.0,3221.0,3530.0,3855.0,7889.0,6851.0,7313.0,3766.0,3076.0,3302.0,4381.0,2249.0,543.0,2738.0,825.0,East Flatbush-Farragut,24501.0,3261.0,1026.0,6440.0,307.0,14914.0,946.0,703.0,1981.0,350.0,1722.0,2864.0,3216.0,2611.0,1328.0,2413.0,801.0,15272.0,19406.0,8021.0,6829.0,2540.0,599.0,2467.0,5584.0,2681.0,13426.0,1766.0,6838.0,2635.0,7263.0,11526.0,1406.0,1962.0,1237.0,7704.0,8484.0,849.0,613.0
47,0.0,496.0,5858.0,8092.0,Starrett City                                                  ,BK93,2909.0,4756.0,693.0,754.0,970.0,1335.0,1585.0,1574.0,605.0,818.0,616.0,1388.0,1513.0,456.0,541.0,3404.0,Starrett City,4146.0,659.0,256.0,1250.0,26.0,2234.0,245.0,715.0,1005.0,51.0,548.0,1149.0,998.0,280.0,1418.0,157.0,42.0,5835.0,6461.0,4082.0,1911.0,370.0,0.0,935.0,1045.0,916.0,2934.0,864.0,1555.0,726.0,1251.0,3098.0,439.0,1644.0,342.0,1295.0,1579.0,139.0,283.0
48,1.0,672.0,24711.0,15817.0,Erasmus                                                        ,BK95,2756.0,13271.0,1925.0,2015.0,2279.0,4703.0,3981.0,3973.0,1538.0,1955.0,1383.0,1955.0,864.0,517.0,2000.0,418.0,Erasmus,12343.0,2208.0,561.0,1842.0,167.0,8558.0,520.0,740.0,1357.0,193.0,1291.0,1316.0,1941.0,1013.0,1144.0,797.0,227.0,8245.0,11443.0,6522.0,2899.0,502.0,96.0,2181.0,2240.0,1158.0,7092.0,1515.0,3773.0,1537.0,3658.0,6173.0,878.0,872.0,692.0,3682.0,4879.0,512.0,325.0
49,196.0,549.0,51354.0,31425.0,Rugby-Remsen Village                                           ,BK96,2626.0,24710.0,3439.0,4218.0,3828.0,7124.0,7754.0,8578.0,3560.0,2977.0,3480.0,4286.0,2129.0,832.0,3930.0,724.0,Rugby-Remsen Village,24584.0,3162.0,889.0,5932.0,304.0,15303.0,1200.0,1244.0,2215.0,326.0,2121.0,3114.0,3814.0,2291.0,2140.0,2031.0,643.0,17275.0,22254.0,10891.0,6657.0,1842.0,549.0,3532.0,4390.0,2183.0,13579.0,3094.0,7687.0,3165.0,7285.0,12167.0,1704.0,2023.0,1345.0,7397.0,9130.0,961.0,612.0
50,121.0,38.0,13321.0,17085.0,Claremont-Bathgate                                             ,BX01,17463.0,14481.0,2439.0,3196.0,2891.0,4279.0,4114.0,4156.0,1427.0,2888.0,838.0,1630.0,536.0,202.0,2970.0,320.0,Claremont-Bathgate,8977.0,2584.0,396.0,1310.0,121.0,5889.0,659.0,1394.0,1688.0,9.0,1271.0,1189.0,1155.0,363.0,2527.0,360.0,69.0,11071.0,10724.0,7322.0,2340.0,324.0,39.0,3517.0,1097.0,337.0,5003.0,3057.0,3285.0,1341.0,2497.0,7458.0,989.0,845.0,539.0,2822.0,6163.0,355.0,260.0
51,185.0,129.0,25705.0,20067.0,Eastchester-Edenwald-Baychester                                ,BX03,8548.0,16456.0,2639.0,3723.0,3067.0,4822.0,4232.0,5489.0,2425.0,2464.0,1808.0,2190.0,961.0,457.0,2246.0,1144.0,Eastchester-Edenwald-Baychester,15251.0,2854.0,712.0,5088.0,309.0,7518.0,702.0,683.0,1253.0,194.0,1151.0,1525.0,1932.0,1606.0,1332.0,1357.0,465.0,10359.0,12371.0,5203.0,4168.0,1603.0,524.0,2756.0,3381.0,1501.0,5614.0,1916.0,4647.0,1487.0,4709.0,7947.0,957.0,1420.0,732.0,4528.0,6835.0,414.0,145.0
52,0.0,2209.0,8641.0,28184.0,Bedford Park-Fordham North                                     ,BX05,37105.0,24869.0,4045.0,3888.0,4129.0,8988.0,7688.0,7009.0,2570.0,3873.0,2215.0,2658.0,1020.0,411.0,4559.0,4312.0,Bedford Park-Fordham North,20357.0,3705.0,967.0,2817.0,280.0,13116.0,2091.0,1893.0,3349.0,230.0,1823.0,2216.0,2554.0,1572.0,3402.0,1144.0,185.0,15679.0,19730.0,13542.0,4286.0,482.0,58.0,5431.0,2734.0,1249.0,9166.0,6068.0,5836.0,2527.0,5618.0,10434.0,1781.0,1332.0,1437.0,5882.0,10437.0,762.0,366.0
53,67.0,460.0,4691.0,14149.0,Belmont                                                        ,BX06,15245.0,12031.0,1489.0,3309.0,3975.0,3786.0,3266.0,2347.0,996.0,1917.0,968.0,1058.0,591.0,139.0,2339.0,5475.0,Belmont,9412.0,1346.0,427.0,1618.0,329.0,4404.0,1930.0,1219.0,1457.0,15.0,1135.0,824.0,991.0,343.0,2047.0,305.0,106.0,9297.0,9380.0,6530.0,1559.0,242.0,111.0,2334.0,737.0,671.0,3371.0,2863.0,2370.0,686.0,2093.0,6853.0,1002.0,652.0,592.0,2455.0,5350.0,544.0,208.0
54,88.0,1464.0,10408.0,17811.0,Bronxdale                                                      ,BX07,17493.0,16695.0,1984.0,2444.0,2746.0,5559.0,4384.0,4847.0,2446.0,2252.0,1524.0,2069.0,1543.0,584.0,2124.0,4501.0,Bronxdale,15191.0,2342.0,632.0,3528.0,157.0,8639.0,1254.0,1153.0,1490.0,54.0,1212.0,1992.0,2087.0,1546.0,2483.0,1189.0,166.0,10239.0,14339.0,7893.0,4196.0,1137.0,146.0,3386.0,2849.0,1462.0,6157.0,3078.0,4330.0,1792.0,4078.0,6375.0,839.0,1523.0,941.0,5012.0,6836.0,407.0,343.0
55,59.0,1279.0,9338.0,18444.0,West Farms-Bronx River                                         ,BX08,23347.0,17392.0,2873.0,2317.0,2847.0,6172.0,4243.0,5025.0,1843.0,2579.0,1536.0,1595.0,1131.0,367.0,3308.0,758.0,West Farms-Bronx River,13811.0,2227.0,441.0,2691.0,429.0,8572.0,734.0,1183.0,1962.0,99.0,1298.0,1527.0,1538.0,866.0,1901.0,889.0,141.0,10608.0,12712.0,7045.0,3285.0,924.0,150.0,4148.0,2264.0,745.0,6314.0,3721.0,3316.0,1492.0,4086.0,6661.0,849.0,1121.0,1166.0,4455.0,6436.0,584.0,226.0
56,25.0,976.0,18550.0,30270.0,Soundview-Castle Hill-Clason Point-Harding Pa                  ,BX09,32878.0,23652.0,3930.0,4002.0,4773.0,6951.0,6625.0,7283.0,3611.0,3448.0,2673.0,4367.0,2097.0,808.0,3354.0,704.0,Soundview-Castle Hill-Clason Point-Harding Park,19937.0,2519.0,1889.0,6181.0,111.0,9973.0,1001.0,1625.0,2982.0,193.0,2091.0,2330.0,2639.0,1832.0,2711.0,1765.0,580.0,19806.0,19882.0,9335.0,6693.0,2229.0,491.0,5067.0,4028.0,1602.0,9904.0,4118.0,6621.0,3002.0,5919.0,12087.0,1529.0,2306.0,1249.0,5793.0,9859.0,981.0,465.0
57,0.0,1112.0,568.0,14384.0,Pelham Bay-Country Club-City Island                            ,BX10,8865.0,12234.0,1292.0,1555.0,1773.0,3406.0,3354.0,4472.0,1674.0,1237.0,1160.0,2230.0,2245.0,927.0,1293.0,15769.0,Pelham Bay-Country Club-City Island,12514.0,1369.0,945.0,6233.0,155.0,4171.0,364.0,808.0,1055.0,342.0,1207.0,1162.0,2014.0,1192.0,887.0,2100.0,555.0,8488.0,12254.0,3721.0,4650.0,2114.0,837.0,1905.0,3039.0,2329.0,5601.0,1677.0,3660.0,1554.0,4205.0,4389.0,354.0,1900.0,1063.0,4522.0,4326.0,171.0,312.0
58,133.0,608.0,27365.0,25571.0,Co-Op City                                                     ,BX13,13621.0,20415.0,2501.0,2528.0,3187.0,4516.0,5259.0,8126.0,3646.0,2339.0,2800.0,4810.0,3194.0,1328.0,1752.0,3831.0,Co-Op City,19094.0,2761.0,995.0,5857.0,79.0,9825.0,1581.0,869.0,2536.0,227.0,2342.0,3045.0,3127.0,2209.0,1590.0,1968.0,730.0,17253.0,19416.0,8856.0,7196.0,2309.0,282.0,2882.0,5105.0,2945.0,9649.0,2676.0,7539.0,2947.0,6070.0,8617.0,1633.0,2971.0,1788.0,6226.0,7733.0,781.0,628.0
59,271.0,971.0,22546.0,32714.0,East Concourse-Concourse Village                               ,BX14,37329.0,30223.0,4091.0,5274.0,5759.0,9277.0,8154.0,8541.0,2872.0,4738.0,2698.0,3923.0,1907.0,769.0,4934.0,1094.0,East Concourse-Concourse Village,22733.0,4768.0,831.0,2892.0,522.0,14861.0,1949.0,2363.0,3175.0,81.0,2438.0,3214.0,3232.0,1511.0,4190.0,948.0,290.0,20793.0,23087.0,15856.0,4703.0,735.0,148.0,6677.0,3355.0,1740.0,9671.0,8163.0,6637.0,3274.0,6350.0,12019.0,2519.0,2064.0,1860.0,6891.0,12040.0,1443.0,714.0
60,8.0,496.0,11866.0,23290.0,East Tremont                                                   ,BX17,29613.0,19866.0,3860.0,4416.0,3789.0,6222.0,5228.0,5426.0,2043.0,3651.0,1380.0,2251.0,946.0,302.0,3642.0,740.0,East Tremont,13788.0,3441.0,543.0,2202.0,306.0,8692.0,1126.0,1860.0,2436.0,73.0,1544.0,1727.0,1356.0,952.0,3757.0,460.0,99.0,13907.0,15462.0,9952.0,2979.0,1272.0,61.0,4804.0,2059.0,469.0,6402.0,4758.0,3709.0,2278.0,3546.0,9207.0,1583.0,1392.0,749.0,3646.0,8529.0,834.0,239.0
61,0.0,1989.0,1840.0,14406.0,North Riverdale-Fieldston-Riverdale                            ,BX22,4796.0,12364.0,1120.0,2019.0,2340.0,2840.0,3004.0,3543.0,1668.0,1211.0,1653.0,2602.0,1937.0,1434.0,1399.0,17687.0,North Riverdale-Fieldston-Riverdale,12272.0,926.0,813.0,4722.0,120.0,4821.0,787.0,311.0,723.0,1314.0,695.0,1009.0,1838.0,1516.0,732.0,1959.0,841.0,9578.0,12394.0,3248.0,5353.0,2041.0,296.0,659.0,4939.0,5752.0,3117.0,785.0,2572.0,1253.0,4493.0,4732.0,224.0,1954.0,942.0,4633.0,4140.0,270.0,399.0
62,108.0,127.0,12491.0,19857.0,Highbridge                                                     ,BX26,24097.0,17447.0,3194.0,3243.0,2924.0,5735.0,5039.0,4526.0,1758.0,3528.0,1678.0,1775.0,829.0,181.0,2894.0,300.0,Highbridge,13337.0,2925.0,640.0,2208.0,229.0,8114.0,1327.0,1483.0,2874.0,46.0,1494.0,1642.0,1558.0,766.0,2250.0,543.0,28.0,10896.0,13466.0,9413.0,2829.0,365.0,77.0,3986.0,1565.0,782.0,6200.0,3572.0,3662.0,1809.0,3433.0,7430.0,1686.0,909.0,1127.0,3761.0,6476.0,706.0,351.0
63,37.0,55.0,5813.0,14289.0,Hunts Point                                                    ,BX27,21027.0,13377.0,2573.0,2230.0,2579.0,4675.0,3762.0,3017.0,1130.0,2183.0,1051.0,1418.0,624.0,175.0,2249.0,471.0,Hunts Point,8625.0,2167.0,299.0,885.0,79.0,5623.0,1133.0,1006.0,1524.0,18.0,1057.0,1303.0,1137.0,294.0,2095.0,256.0,11.0,9320.0,9450.0,6777.0,1532.0,379.0,13.0,3834.0,1173.0,389.0,4146.0,3042.0,2135.0,1208.0,2163.0,5720.0,1023.0,626.0,856.0,2258.0,6166.0,484.0,157.0
64,201.0,1571.0,9581.0,26414.0,Van Cortlandt Village                                          ,BX28,32676.0,23771.0,3226.0,3628.0,4503.0,7413.0,6411.0,7232.0,3028.0,3001.0,2524.0,3189.0,1807.0,850.0,3373.0,5504.0,Van Cortlandt Village,21701.0,4215.0,951.0,3389.0,315.0,13839.0,1827.0,1089.0,2079.0,78.0,2448.0,2761.0,3374.0,1605.0,2061.0,1384.0,452.0,13815.0,18549.0,10956.0,5470.0,752.0,153.0,4435.0,3547.0,2150.0,9026.0,4902.0,6076.0,2714.0,6379.0,9437.0,1525.0,1794.0,1619.0,7034.0,8877.0,889.0,317.0
65,48.0,1601.0,2247.0,15785.0,Spuyten Duyvil-Kingsbridge                                     ,BX29,10722.0,14268.0,1344.0,1249.0,1567.0,4659.0,4439.0,3471.0,1840.0,1337.0,1951.0,2562.0,2091.0,1190.0,2353.0,14452.0,Spuyten Duyvil-Kingsbridge,14364.0,1155.0,1067.0,3584.0,165.0,7570.0,908.0,526.0,901.0,1068.0,837.0,1569.0,2384.0,1642.0,718.0,2069.0,925.0,9294.0,14375.0,5106.0,6236.0,1151.0,146.0,1280.0,4961.0,5946.0,3792.0,1325.0,3789.0,1403.0,5206.0,4468.0,586.0,2037.0,757.0,5672.0,4389.0,203.0,298.0
66,15.0,1487.0,6316.0,16508.0,Kingsbridge Heights                                            ,BX30,21175.0,13473.0,1840.0,2297.0,2575.0,5101.0,4345.0,3845.0,1443.0,2307.0,1365.0,1366.0,948.0,708.0,1841.0,772.0,Kingsbridge Heights,12575.0,2775.0,646.0,1427.0,200.0,8198.0,849.0,1109.0,1461.0,105.0,1361.0,1567.0,1536.0,910.0,1609.0,479.0,115.0,8172.0,11324.0,7592.0,2193.0,387.0,80.0,3154.0,2421.0,853.0,5446.0,3040.0,3437.0,1422.0,3099.0,6473.0,886.0,1281.0,805.0,3612.0,5625.0,514.0,276.0
67,82.0,2463.0,10545.0,17399.0,Allerton-Pelham Gardens                                        ,BX31,10353.0,16009.0,2531.0,2238.0,2296.0,3827.0,4771.0,4472.0,1972.0,2010.0,1879.0,2521.0,1898.0,1217.0,1776.0,9150.0,Allerton-Pelham Gardens,13395.0,2378.0,1108.0,5697.0,192.0,5220.0,483.0,392.0,745.0,422.0,709.0,1105.0,1703.0,1090.0,847.0,1653.0,830.0,10864.0,10179.0,2538.0,3808.0,2427.0,723.0,2528.0,3595.0,2397.0,6105.0,2203.0,4122.0,1258.0,5564.0,5397.0,533.0,1964.0,881.0,5799.0,4842.0,395.0,458.0
68,8.0,234.0,6570.0,14012.0,Longwood                                                       ,BX33,19323.0,12706.0,2634.0,2386.0,2133.0,4095.0,3529.0,3005.0,1112.0,2180.0,1139.0,1285.0,675.0,197.0,2348.0,335.0,Longwood,8692.0,1426.0,294.0,1251.0,109.0,5733.0,675.0,994.0,1250.0,31.0,1131.0,963.0,1196.0,414.0,2102.0,314.0,102.0,9130.0,9168.0,6010.0,2023.0,327.0,137.0,2894.0,827.0,358.0,3770.0,3652.0,2547.0,1226.0,2184.0,5654.0,795.0,731.0,665.0,2439.0,5364.0,401.0,97.0
69,150.0,204.0,11281.0,22057.0,Melrose South-Mott Haven North                                 ,BX34,26460.0,17425.0,3104.0,2940.0,3714.0,6364.0,4754.0,4541.0,1592.0,3864.0,1626.0,1698.0,1174.0,333.0,3778.0,1089.0,Melrose South-Mott Haven North,13023.0,2765.0,305.0,1768.0,253.0,8215.0,1727.0,1920.0,2125.0,45.0,1851.0,1619.0,1425.0,545.0,3113.0,522.0,148.0,12200.0,14187.0,10422.0,2259.0,557.0,75.0,4416.0,1687.0,400.0,5825.0,5095.0,3644.0,1668.0,3751.0,8881.0,1249.0,1141.0,797.0,3488.0,7007.0,544.0,210.0
70,102.0,125.0,13200.0,20051.0,Morrisania-Melrose                                             ,BX35,23505.0,17875.0,3077.0,3299.0,3063.0,5651.0,5148.0,5022.0,2132.0,2949.0,1327.0,1836.0,902.0,312.0,3208.0,378.0,Morrisania-Melrose,13494.0,2812.0,366.0,2100.0,660.0,8806.0,713.0,1169.0,2236.0,29.0,1590.0,2065.0,1369.0,836.0,2770.0,494.0,125.0,11510.0,14102.0,9076.0,3069.0,432.0,106.0,3851.0,1827.0,739.0,6409.0,4241.0,3987.0,1609.0,3647.0,7774.0,1108.0,1331.0,856.0,4012.0,7534.0,578.0,243.0
71,10.0,772.0,16211.0,28950.0,University Heights-Morris Heights                              ,BX36,35605.0,25182.0,4320.0,4786.0,5348.0,7944.0,7136.0,7506.0,3065.0,3800.0,2482.0,2510.0,863.0,375.0,3997.0,783.0,University Heights-Morris Heights,20267.0,5324.0,1252.0,2882.0,303.0,12160.0,1510.0,2059.0,2865.0,25.0,2430.0,2537.0,2326.0,1128.0,3647.0,531.0,201.0,15608.0,19467.0,12385.0,4551.0,630.0,183.0,5201.0,2644.0,1029.0,9883.0,5336.0,5003.0,2665.0,5130.0,11937.0,2165.0,1209.0,1713.0,5922.0,10046.0,896.0,332.0
72,15.0,2666.0,2809.0,15385.0,Van Nest-Morris Park-Westchester Square                        ,BX37,16490.0,14383.0,2322.0,1849.0,2259.0,4868.0,3825.0,4005.0,1809.0,1968.0,1493.0,1744.0,899.0,566.0,2161.0,7192.0,Van Nest-Morris Park-Westchester Square,12673.0,2104.0,979.0,3706.0,207.0,6084.0,1070.0,600.0,1218.0,140.0,1092.0,1239.0,1779.0,996.0,969.0,1344.0,254.0,8134.0,10488.0,4258.0,3826.0,1166.0,381.0,2807.0,2674.0,1403.0,5359.0,2355.0,2982.0,1090.0,4187.0,4885.0,572.0,1271.0,888.0,4616.0,5211.0,269.0,328.0
73,89.0,399.0,13469.0,27653.0,Mott Haven-Port Morris                                         ,BX39,37821.0,25318.0,4294.0,4651.0,4867.0,7647.0,7130.0,6693.0,2397.0,4387.0,1607.0,2534.0,1682.0,386.0,4696.0,865.0,Mott Haven-Port Morris,17371.0,3241.0,396.0,2103.0,180.0,11913.0,1740.0,2482.0,3381.0,77.0,2075.0,2127.0,1830.0,761.0,4314.0,369.0,211.0,18097.0,19087.0,13492.0,3494.0,620.0,21.0,6191.0,2132.0,660.0,8514.0,7028.0,4055.0,1886.0,4533.0,11257.0,1626.0,1856.0,1013.0,5062.0,11305.0,788.0,268.0
74,79.0,235.0,6795.0,14718.0,Fordham South                                                  ,BX40,19247.0,12229.0,2498.0,2515.0,2622.0,3865.0,3750.0,3135.0,1072.0,2477.0,768.0,975.0,377.0,88.0,2805.0,449.0,Fordham South,9592.0,2425.0,354.0,999.0,131.0,5999.0,1075.0,1184.0,1410.0,45.0,994.0,1060.0,907.0,680.0,1885.0,222.0,64.0,6676.0,9006.0,6730.0,1621.0,91.0,9.0,2926.0,1157.0,613.0,3779.0,2791.0,2201.0,1058.0,2162.0,6335.0,706.0,572.0,570.0,2354.0,4999.0,313.0,98.0
75,118.0,989.0,13676.0,27070.0,Mount Hope                                                     ,BX41,36046.0,25365.0,3536.0,4652.0,4598.0,8209.0,6939.0,7983.0,2730.0,3745.0,2032.0,2315.0,1130.0,387.0,4179.0,731.0,Mount Hope,20295.0,4496.0,1191.0,2552.0,497.0,12540.0,1879.0,1900.0,3080.0,74.0,2176.0,2385.0,2257.0,1136.0,3102.0,556.0,158.0,15228.0,18014.0,12476.0,3296.0,962.0,90.0,4948.0,2827.0,1321.0,8228.0,6707.0,5467.0,2292.0,5303.0,10380.0,2183.0,1178.0,1521.0,6605.0,10237.0,906.0,370.0
76,148.0,4079.0,7951.0,21950.0,Norwood                                                        ,BX43,24139.0,19599.0,3066.0,2728.0,3497.0,7430.0,5913.0,4981.0,1601.0,3035.0,1570.0,2104.0,944.0,556.0,4124.0,4230.0,Norwood,16593.0,2953.0,607.0,2350.0,226.0,10725.0,1818.0,1323.0,2020.0,101.0,1709.0,1725.0,2814.0,1496.0,2141.0,812.0,161.0,11359.0,15178.0,9592.0,4047.0,456.0,207.0,3428.0,3245.0,1529.0,7253.0,3908.0,4369.0,2109.0,4583.0,8280.0,1130.0,953.0,1388.0,4817.0,7249.0,451.0,364.0
77,408.0,969.0,44260.0,34636.0,Williamsbridge-Olinville                                       ,BX44,14164.0,27709.0,4954.0,4976.0,4721.0,8144.0,8761.0,8573.0,3251.0,4141.0,2804.0,3933.0,2007.0,682.0,5398.0,1430.0,Williamsbridge-Olinville,24875.0,5087.0,1184.0,7199.0,244.0,13897.0,1125.0,1289.0,2832.0,278.0,2352.0,2699.0,3844.0,2109.0,2744.0,1877.0,456.0,16821.0,22446.0,10389.0,7571.0,2100.0,420.0,4688.0,4975.0,1917.0,11702.0,3625.0,8020.0,2945.0,7171.0,13305.0,1778.0,2273.0,1557.0,7055.0,10068.0,1253.0,447.0
78,0.0,4656.0,13871.0,15850.0,Parkchester                                                    ,BX46,10269.0,14585.0,1646.0,1490.0,2140.0,4694.0,4542.0,4642.0,2167.0,2014.0,1410.0,2170.0,1061.0,267.0,2192.0,1101.0,Parkchester,14118.0,1926.0,380.0,2077.0,274.0,10097.0,827.0,683.0,1145.0,76.0,1498.0,2036.0,2800.0,1723.0,1185.0,1017.0,284.0,8197.0,13276.0,7574.0,4134.0,610.0,129.0,1971.0,3583.0,1842.0,5370.0,1878.0,4073.0,1928.0,4234.0,5246.0,636.0,1208.0,1102.0,4574.0,4821.0,419.0,415.0
79,10.0,3461.0,2997.0,16321.0,Pelham Parkway                                                 ,BX49,11749.0,13928.0,1763.0,1553.0,1831.0,5076.0,4295.0,4053.0,1652.0,1640.0,1429.0,2454.0,1458.0,715.0,2330.0,11267.0,Pelham Parkway,13435.0,1350.0,1039.0,3411.0,406.0,6781.0,1293.0,809.0,1135.0,216.0,1227.0,1745.0,2079.0,1517.0,1054.0,1251.0,455.0,9462.0,12111.0,5836.0,3780.0,1519.0,353.0,1937.0,3901.0,2336.0,5513.0,3002.0,2949.0,1390.0,4821.0,5161.0,562.0,1540.0,929.0,5052.0,4513.0,185.0,363.0
80,164.0,1467.0,3864.0,24124.0,Schuylerville-Throgs Neck-Edgewater Park                       ,BX52,19099.0,23498.0,3227.0,3534.0,3492.0,6080.0,6327.0,6546.0,3024.0,2895.0,2599.0,3770.0,2743.0,1103.0,2282.0,21937.0,Schuylerville-Throgs Neck-Edgewater Park,21241.0,2446.0,1903.0,10340.0,219.0,6558.0,922.0,805.0,1494.0,900.0,1161.0,1729.0,2534.0,2555.0,1367.0,2809.0,1116.0,14996.0,17982.0,4409.0,6776.0,4181.0,1104.0,3058.0,4764.0,2771.0,10444.0,2779.0,6168.0,1980.0,7600.0,7422.0,757.0,2362.0,1277.0,8123.0,8605.0,566.0,526.0
81,168.0,2588.0,8864.0,18972.0,Soundview-Bruckner                                             ,BX55,22588.0,17334.0,2897.0,2839.0,2954.0,5754.0,4269.0,4301.0,1845.0,2694.0,1862.0,2162.0,888.0,654.0,3187.0,690.0,Soundview-Bruckner,13542.0,2340.0,575.0,2058.0,409.0,8728.0,734.0,1142.0,1907.0,66.0,1173.0,1654.0,1716.0,855.0,1919.0,600.0,245.0,11114.0,12392.0,7140.0,3316.0,649.0,172.0,4341.0,1725.0,591.0,6123.0,4360.0,3405.0,1601.0,4026.0,6625.0,938.0,1136.0,1039.0,4233.0,6979.0,537.0,414.0
82,15.0,3698.0,4340.0,15167.0,Westchester-Unionport                                          ,BX59,17581.0,12868.0,2008.0,2423.0,2140.0,4384.0,4068.0,3643.0,1320.0,1877.0,1331.0,1464.0,804.0,409.0,2164.0,1434.0,Westchester-Unionport,11250.0,2185.0,815.0,2330.0,144.0,6637.0,870.0,689.0,1260.0,194.0,808.0,1185.0,1581.0,960.0,1129.0,890.0,187.0,8211.0,9785.0,4708.0,3131.0,734.0,310.0,2125.0,2382.0,648.0,5077.0,2844.0,3050.0,1318.0,3612.0,5486.0,611.0,1035.0,455.0,3584.0,5352.0,379.0,154.0
83,13.0,1473.0,27271.0,24040.0,Woodlawn-Wakefield                                             ,BX62,7638.0,20636.0,2917.0,3194.0,3417.0,6285.0,6388.0,6463.0,2657.0,2408.0,2552.0,3091.0,1602.0,858.0,2844.0,7482.0,Woodlawn-Wakefield,20974.0,3176.0,1069.0,7957.0,141.0,9476.0,1112.0,838.0,1244.0,295.0,1587.0,1724.0,2661.0,2399.0,1195.0,2211.0,860.0,11597.0,16211.0,5543.0,6078.0,2696.0,697.0,2541.0,5100.0,2756.0,9651.0,2610.0,4885.0,1993.0,6519.0,8787.0,1000.0,1751.0,1242.0,6580.0,7584.0,478.0,573.0
84,61.0,1374.0,9024.0,20665.0,West Concourse                                                 ,BX63,27518.0,18569.0,2961.0,3203.0,3179.0,6479.0,5490.0,5049.0,2193.0,2729.0,1719.0,1747.0,787.0,178.0,3520.0,662.0,West Concourse,15645.0,2811.0,666.0,1820.0,488.0,10128.0,1523.0,1502.0,1980.0,8.0,1928.0,2013.0,1846.0,764.0,2058.0,417.0,120.0,11004.0,13473.0,9808.0,2491.0,262.0,75.0,3878.0,2010.0,742.0,6315.0,5093.0,4099.0,1710.0,4426.0,7586.0,1429.0,1123.0,1100.0,4345.0,7501.0,675.0,129.0
85,0.0,126.0,5569.0,10507.0,Crotona Park East                                              ,BX75,13872.0,9568.0,1863.0,1883.0,1426.0,2765.0,2271.0,2821.0,885.0,1542.0,842.0,1071.0,504.0,171.0,2031.0,239.0,Crotona Park East,6679.0,1355.0,185.0,1158.0,100.0,4389.0,466.0,757.0,1176.0,39.0,881.0,718.0,967.0,392.0,1776.0,194.0,17.0,6214.0,7485.0,4607.0,1682.0,576.0,52.0,2134.0,970.0,314.0,3110.0,2536.0,1634.0,926.0,1795.0,3679.0,712.0,697.0,557.0,1955.0,3393.0,701.0,224.0
86,0.0,202.0,5169.0,815.0,Rikers Island                                                  ,BX98,3159.0,8376.0,0.0,1246.0,2006.0,2477.0,1917.0,1185.0,208.0,0.0,110.0,35.0,7.0,0.0,0.0,594.0,Rikers Island,0.0,0.0,0.0,0.0,0.0,0.0,0.0,0.0,0.0,0.0,0.0,0.0,0.0,0.0,0.0,0.0,0.0,9191.0,0.0,0.0,0.0,0.0,0.0,3286.0,87.0,43.0,1185.0,635.0,597.0,22.0,74.0,703.0,8.0,8.0,101.0,1076.0,7099.0,69.0,31.0
87,19.0,719.0,3711.0,25191.0,Marble Hill-Inwood                                             ,MN01,37338.0,24742.0,3041.0,3014.0,3554.0,8580.0,7816.0,6970.0,3430.0,2681.0,2595.0,3002.0,1422.0,589.0,3239.0,7256.0,Marble Hill-Inwood,23458.0,4365.0,1505.0,2635.0,376.0,14181.0,2590.0,1488.0,2886.0,339.0,2190.0,2569.0,2667.0,1942.0,1935.0,1406.0,534.0,12674.0,18952.0,13202.0,3889.0,776.0,89.0,3641.0,6338.0,3987.0,7217.0,6534.0,5011.0,3433.0,5573.0,8785.0,1770.0,1482.0,2061.0,6975.0,9691.0,1031.0,171.0
88,250.0,2351.0,49250.0,42372.0,Central Harlem North-Polo Grounds                              ,MN03,18948.0,37001.0,4415.0,5008.0,6829.0,14593.0,11231.0,11226.0,4791.0,4590.0,2921.0,4909.0,2541.0,1258.0,5061.0,6412.0,Central Harlem North-Polo Grounds,32871.0,6353.0,969.0,2859.0,885.0,22392.0,2669.0,3033.0,4502.0,1025.0,3626.0,4597.0,5065.0,2498.0,5649.0,1995.0,920.0,25187.0,37270.0,25766.0,6031.0,1052.0,61.0,6639.0,9303.0,6416.0,12727.0,4833.0,9714.0,3090.0,7493.0,18972.0,2126.0,3603.0,2596.0,7430.0,18017.0,1198.0,782.0
89,85.0,859.0,16374.0,26053.0,Hamilton Heights                                               ,MN04,24926.0,24954.0,2652.0,2767.0,4872.0,10638.0,7792.0,6791.0,2466.0,2627.0,2248.0,3190.0,1328.0,734.0,2902.0,7390.0,Hamilton Heights,24305.0,3333.0,775.0,1762.0,673.0,17741.0,1164.0,1082.0,2444.0,679.0,2121.0,2365.0,3004.0,1667.0,2973.0,1612.0,544.0,14568.0,20353.0,14742.0,3304.0,346.0,99.0,4036.0,6677.0,4674.0,7428.0,4697.0,6081.0,2782.0,4708.0,11697.0,1313.0,1458.0,1690.0,5628.0,12292.0,810.0,448.0
90,0.0,858.0,6096.0,12539.0,Manhattanville                                                 ,MN06,13726.0,11027.0,1507.0,1819.0,2669.0,4615.0,3162.0,2861.0,1156.0,1139.0,835.0,1552.0,827.0,320.0,1104.0,2230.0,Manhattanville,10186.0,1121.0,190.0,538.0,194.0,7849.0,743.0,897.0,1083.0,69.0,820.0,1128.0,1017.0,607.0,1877.0,373.0,117.0,8211.0,8693.0,6585.0,1169.0,234.0,0.0,2127.0,2182.0,1049.0,3665.0,3245.0,2234.0,1068.0,2119.0,5700.0,842.0,877.0,667.0,2343.0,5734.0,283.0,183.0
91,49.0,7956.0,6693.0,31565.0,Morningside Heights                                            ,MN09,13046.0,24507.0,1946.0,6241.0,9270.0,12044.0,5422.0,6354.0,2543.0,1338.0,2324.0,3032.0,2194.0,1269.0,2095.0,26275.0,Morningside Heights,24425.0,1951.0,256.0,1232.0,516.0,14258.0,5840.0,925.0,2171.0,2373.0,2020.0,1721.0,2343.0,1927.0,3101.0,2289.0,1355.0,24147.0,21935.0,16291.0,3667.0,139.0,128.0,1874.0,8538.0,14415.0,3991.0,2368.0,2949.0,2174.0,6757.0,17202.0,1030.0,1691.0,990.0,6830.0,13261.0,420.0,338.0
92,16.0,1864.0,27809.0,25757.0,Central Harlem South                                           ,MN11,8457.0,22354.0,2750.0,2845.0,4170.0,9182.0,7337.0,6748.0,3039.0,2478.0,2120.0,2157.0,1111.0,588.0,3586.0,8882.0,Central Harlem South,21606.0,2036.0,307.0,1519.0,618.0,15497.0,1747.0,1333.0,1801.0,1122.0,2008.0,1917.0,2796.0,1450.0,2915.0,2135.0,1226.0,14959.0,21510.0,14271.0,3966.0,366.0,100.0,3185.0,7088.0,6312.0,7130.0,2029.0,4896.0,1928.0,5129.0,11997.0,1140.0,1340.0,1195.0,5454.0,10143.0,544.0,427.0
93,220.0,9851.0,11241.0,74491.0,Upper West Side                                                ,MN12,19938.0,61902.0,4928.0,3797.0,5564.0,26574.0,20787.0,19313.0,9450.0,5828.0,8959.0,13327.0,6798.0,3426.0,7642.0,91812.0,Upper West Side,75867.0,5595.0,966.0,4584.0,3925.0,51180.0,7674.0,2975.0,4048.0,15349.0,3859.0,5602.0,7417.0,6096.0,5041.0,10100.0,6162.0,35375.0,75152.0,50812.0,14155.0,1560.0,122.0,3731.0,35447.0,44160.0,8587.0,3676.0,10068.0,7532.0,23952.0,27049.0,1482.0,4856.0,4207.0,23784.0,22916.0,1037.0,1180.0
94,294.0,8783.0,4342.0,36224.0,Hudson Yards-Chelsea-Flat Iron-Union Square                    ,MN13,10710.0,36779.0,1375.0,2095.0,6058.0,19244.0,13907.0,9813.0,4406.0,2040.0,3308.0,4427.0,2311.0,1061.0,2958.0,46551.0,Hudson Yards-Chelsea-Flat Iron-Union Square,47384.0,3740.0,448.0,2385.0,4148.0,24054.0,12618.0,1456.0,2849.0,10166.0,2224.0,2931.0,4248.0,3830.0,2412.0,5944.0,4070.0,15306.0,45981.0,32396.0,7002.0,623.0,109.0,1831.0,22842.0,20096.0,4638.0,1517.0,5681.0,3425.0,9354.0,18238.0,925.0,1086.0,2307.0,9685.0,20530.0,596.0,484.0
95,18.0,6733.0,2035.0,31067.0,Lincoln Square                                                 ,MN14,5797.0,28812.0,1456.0,1825.0,2279.0,11681.0,10674.0,7734.0,3872.0,2092.0,3701.0,4994.0,3602.0,1740.0,4229.0,44051.0,Lincoln Square,34486.0,2281.0,567.0,1825.0,1858.0,20097.0,6150.0,986.0,1711.0,9305.0,1414.0,1905.0,3540.0,2823.0,2119.0,4598.0,3683.0,14952.0,40202.0,24310.0,6780.0,775.0,219.0,875.0,16225.0,22126.0,2896.0,747.0,3858.0,3163.0,11167.0,10997.0,320.0,1919.0,1546.0,11020.0,11169.0,361.0,440.0
96,0.0,5386.0,2442.0,19360.0,Clinton                                                        ,MN15,8409.0,22287.0,418.0,896.0,3952.0,11574.0,7382.0,5801.0,3191.0,557.0,2214.0,2556.0,1379.0,668.0,1059.0,24483.0,Clinton,27599.0,2753.0,207.0,1593.0,1370.0,12930.0,9677.0,1523.0,2024.0,3432.0,2034.0,2152.0,3576.0,2899.0,1837.0,3687.0,1666.0,9012.0,30680.0,21638.0,2880.0,312.0,0.0,1434.0,12695.0,9996.0,3962.0,1499.0,3865.0,2153.0,4361.0,10286.0,658.0,1020.0,1453.0,4526.0,14298.0,476.0,382.0
97,51.0,5460.0,1121.0,14654.0,Midtown-Midtown South                                          ,MN17,2121.0,13580.0,367.0,1315.0,3119.0,7929.0,4264.0,3038.0,1855.0,357.0,1409.0,2152.0,1136.0,341.0,952.0,18678.0,Midtown-Midtown South,17391.0,1188.0,158.0,702.0,823.0,6241.0,7802.0,729.0,908.0,4534.0,833.0,1423.0,1017.0,908.0,1362.0,2418.0,1741.0,7927.0,21735.0,13231.0,2309.0,289.0,44.0,418.0,8524.0,8385.0,1690.0,502.0,2050.0,1118.0,4254.0,7515.0,253.0,476.0,940.0,4365.0,7265.0,132.0,240.0
98,113.0,6704.0,966.0,26667.0,Turtle Bay-East Midtown                                        ,MN19,3553.0,21930.0,684.0,718.0,3893.0,11976.0,6620.0,6223.0,2729.0,986.0,3237.0,5056.0,3180.0,1350.0,1945.0,36530.0,Turtle Bay-East Midtown,32303.0,1765.0,566.0,2368.0,1982.0,11813.0,12964.0,465.0,1581.0,8123.0,1157.0,1759.0,3211.0,3862.0,1294.0,4986.0,2392.0,10723.0,37062.0,22299.0,5775.0,587.0,169.0,567.0,17433.0,15276.0,2212.0,262.0,3497.0,2696.0,8386.0,12260.0,158.0,1567.0,1442.0,8738.0,9201.0,229.0,305.0
99,16.0,7379.0,2177.0,26491.0,Murray Hill-Kips Bay                                           ,MN20,5306.0,21773.0,797.0,1278.0,5900.0,14836.0,6266.0,5071.0,2369.0,1113.0,2547.0,3501.0,1733.0,923.0,1930.0,32081.0,Murray Hill-Kips Bay,30882.0,1797.0,306.0,1239.0,1574.0,13595.0,11946.0,1118.0,1263.0,4994.0,1144.0,2066.0,3081.0,2853.0,1415.0,4836.0,2587.0,11679.0,30746.0,21277.0,3764.0,252.0,64.0,784.0,16092.0,12494.0,2825.0,636.0,3353.0,2032.0,6436.0,14652.0,276.0,1098.0,1222.0,6627.0,11586.0,237.0,258.0
100,68.0,3217.0,791.0,14742.0,Gramercy                                                       ,MN21,1797.0,12122.0,358.0,1318.0,2658.0,7959.0,4468.0,3282.0,1362.0,541.0,1123.0,1697.0,1018.0,432.0,648.0,20018.0,Gramercy,17172.0,1768.0,102.0,785.0,1156.0,9255.0,4213.0,403.0,823.0,2847.0,624.0,930.0,2176.0,1694.0,953.0,2545.0,1886.0,6346.0,16946.0,12300.0,2232.0,319.0,30.0,369.0,9368.0,6976.0,1536.0,363.0,1870.0,869.0,3259.0,9162.0,75.0,590.0,909.0,3158.0,6877.0,176.0,242.0
101,45.0,6060.0,2291.0,22040.0,East Village                                                   ,MN22,4927.0,21644.0,605.0,3658.0,5491.0,13455.0,6059.0,4998.0,2129.0,560.0,1809.0,2243.0,1240.0,602.0,835.0,29235.0,East Village,27754.0,1496.0,125.0,1003.0,1918.0,15760.0,6777.0,1014.0,1829.0,2291.0,1531.0,1895.0,3426.0,2983.0,2233.0,3337.0,1762.0,12305.0,24704.0,19251.0,2787.0,250.0,13.0,1203.0,13772.0,9140.0,3522.0,1098.0,3197.0,1494.0,3903.0,14363.0,196.0,1170.0,1512.0,4048.0,14449.0,196.0,353.0
102,130.0,5870.0,1258.0,33948.0,West Village                                                   ,MN23,3898.0,32602.0,1235.0,3609.0,4292.0,18796.0,10102.0,7764.0,3571.0,1695.0,4300.0,5337.0,2795.0,909.0,2145.0,53302.0,West Village,42507.0,2583.0,497.0,1819.0,2837.0,22797.0,10617.0,936.0,1915.0,9900.0,1737.0,2466.0,4610.0,3567.0,1722.0,5666.0,4282.0,16301.0,42814.0,29305.0,6979.0,368.0,149.0,431.0,24147.0,20615.0,2999.0,454.0,3794.0,2806.0,9251.0,17739.0,223.0,1611.0,2014.0,9177.0,17882.0,322.0,450.0
103,31.0,9180.0,861.0,20873.0,SoHo-TriBeCa-Civic Center-Little Italy                         ,MN24,2401.0,20993.0,1529.0,1206.0,4010.0,10872.0,6356.0,4518.0,2311.0,1567.0,2905.0,2792.0,1220.0,621.0,1959.0,27709.0,SoHo-TriBeCa-Civic Center-Little Italy,25293.0,1614.0,270.0,1436.0,1838.0,13660.0,5896.0,705.0,1181.0,5824.0,995.0,1132.0,2138.0,1565.0,1418.0,2541.0,2026.0,9719.0,22724.0,14834.0,4330.0,255.0,106.0,964.0,13004.0,10065.0,2379.0,2341.0,2352.0,1274.0,6905.0,8926.0,312.0,1231.0,890.0,6933.0,9834.0,236.0,270.0
104,49.0,8208.0,1208.0,20458.0,Battery Park City-Lower Manhattan                              ,MN25,3880.0,20136.0,814.0,1293.0,3961.0,13274.0,7550.0,4079.0,1238.0,1535.0,1489.0,1199.0,720.0,472.0,2970.0,26157.0,Battery Park City-Lower Manhattan,27167.0,1379.0,141.0,1214.0,779.0,15221.0,8018.0,439.0,880.0,6047.0,636.0,1002.0,1938.0,2136.0,1053.0,3606.0,2312.0,6508.0,24098.0,15344.0,4082.0,453.0,170.0,532.0,12807.0,11573.0,1196.0,645.0,2324.0,1375.0,6980.0,8685.0,235.0,872.0,918.0,7149.0,8688.0,131.0,242.0
105,327.0,29295.0,1946.0,22833.0,Chinatown                                                      ,MN27,5977.0,23538.0,2043.0,2054.0,3413.0,9200.0,7532.0,5805.0,2208.0,2135.0,3199.0,3274.0,2621.0,1188.0,1699.0,7475.0,Chinatown,21167.0,2403.0,818.0,727.0,826.0,11285.0,6197.0,1781.0,2701.0,803.0,1674.0,1738.0,2597.0,1673.0,2907.0,1436.0,685.0,16623.0,20039.0,15666.0,2005.0,301.0,23.0,3793.0,7884.0,2576.0,6739.0,10075.0,2945.0,1601.0,7897.0,7409.0,837.0,2474.0,1276.0,8526.0,9574.0,329.0,571.0
106,40.0,19186.0,7227.0,39987.0,Lower East Side                                                ,MN28,29885.0,35673.0,3573.0,4342.0,5230.0,12674.0,10691.0,10433.0,4538.0,2923.0,5019.0,6910.0,4438.0,1897.0,2992.0,16828.0,Lower East Side,30616.0,4006.0,913.0,2408.0,1654.0,16560.0,7432.0,3332.0,4470.0,1765.0,2946.0,2839.0,4328.0,1793.0,5332.0,2725.0,863.0,30580.0,32183.0,24234.0,5453.0,678.0,28.0,6886.0,11572.0,5708.0,11856.0,11422.0,6713.0,3665.0,11509.0,14230.0,1712.0,4210.0,2142.0,10956.0,15934.0,876.0,938.0
107,0.0,8210.0,3679.0,45045.0,Lenox Hill-Roosevelt Island                                    ,MN31,5784.0,34182.0,1527.0,1339.0,4465.0,20492.0,13110.0,8839.0,3629.0,2432.0,5065.0,7922.0,3912.0,1923.0,4572.0,59767.0,Lenox Hill-Roosevelt Island,47921.0,2730.0,818.0,3340.0,3586.0,24528.0,11909.0,1052.0,1738.0,10641.0,2492.0,3177.0,6761.0,4400.0,2398.0,7280.0,3220.0,19808.0,51980.0,32228.0,9846.0,943.0,142.0,1596.0,24278.0,25427.0,5111.0,849.0,5656.0,4178.0,13764.0,19616.0,947.0,2126.0,1962.0,13795.0,13154.0,410.0,744.0
108,17.0,6741.0,2255.0,44400.0,Yorkville                                                      ,MN32,7651.0,33636.0,2360.0,1368.0,4283.0,20294.0,12434.0,9479.0,4658.0,2508.0,4229.0,6576.0,3934.0,1950.0,3963.0,59764.0,Yorkville,48237.0,3027.0,858.0,3431.0,2510.0,30585.0,6585.0,1205.0,3084.0,9566.0,1954.0,3275.0,6198.0,5341.0,2197.0,6874.0,3790.0,17686.0,48737.0,32264.0,10533.0,482.0,205.0,1413.0,26335.0,22917.0,4560.0,1334.0,5043.0,3695.0,14185.0,18098.0,797.0,2831.0,1844.0,14106.0,12796.0,310.0,543.0
109,0.0,5741.0,14259.0,30968.0,East Harlem South                                              ,MN33,25635.0,27969.0,3586.0,4173.0,5052.0,11752.0,7183.0,7566.0,3234.0,2646.0,3305.0,3581.0,2730.0,1058.0,3071.0,11660.0,East Harlem South,25714.0,3598.0,335.0,1793.0,1179.0,16983.0,3969.0,2614.0,2736.0,1298.0,2621.0,2442.0,3005.0,1806.0,3212.0,2341.0,561.0,19640.0,24863.0,18458.0,3642.0,466.0,70.0,5495.0,8236.0,6230.0,9573.0,4278.0,4506.0,2907.0,6789.0,12735.0,1286.0,2968.0,2134.0,6737.0,12992.0,555.0,531.0
110,22.0,2943.0,20804.0,32259.0,East Harlem North                                              ,MN34,29093.0,26561.0,4610.0,4582.0,5540.0,9618.0,7308.0,7177.0,3215.0,3425.0,2579.0,3532.0,2031.0,1156.0,4047.0,4892.0,East Harlem North,20812.0,3016.0,399.0,1341.0,523.0,15287.0,2224.0,2748.0,3408.0,451.0,2321.0,2522.0,2576.0,1414.0,4841.0,1319.0,446.0,22106.0,24375.0,18325.0,3244.0,347.0,130.0,6109.0,5130.0,3130.0,9475.0,5243.0,5595.0,2780.0,5136.0,14983.0,1320.0,2583.0,1647.0,5161.0,11868.0,778.0,482.0
111,36.0,2092.0,3487.0,37694.0,Washington Heights North                                       ,MN35,47731.0,35417.0,3676.0,4438.0,7374.0,12589.0,9727.0,10079.0,4121.0,2818.0,3817.0,5575.0,3050.0,1596.0,4251.0,18871.0,Washington Heights North,35019.0,5982.0,1725.0,3038.0,552.0,21909.0,4553.0,1710.0,3196.0,1014.0,2589.0,3158.0,4022.0,3082.0,2829.0,2667.0,1061.0,20509.0,26715.0,18947.0,5573.0,702.0,106.0,6011.0,10609.0,7986.0,8693.0,7423.0,7484.0,4751.0,10005.0,13005.0,2192.0,2768.0,2202.0,10373.0,15134.0,1396.0,540.0
112,94.0,2319.0,9821.0,45119.0,Washington Heights South                                       ,MN36,64601.0,43092.0,3724.0,5330.0,8232.0,17498.0,12633.0,11303.0,5679.0,4013.0,4740.0,5581.0,2949.0,1687.0,4842.0,9479.0,Washington Heights South,39655.0,7464.0,1699.0,2856.0,1322.0,24841.0,4849.0,2748.0,3753.0,640.0,3641.0,3552.0,4598.0,2651.0,4222.0,2172.0,601.0,27580.0,30509.0,22583.0,5073.0,782.0,140.0,8799.0,10437.0,5738.0,12133.0,13451.0,8750.0,5679.0,9551.0,16636.0,2998.0,3511.0,3439.0,10350.0,21359.0,1302.0,807.0
113,113.0,3067.0,835.0,32764.0,Upper East Side-Carnegie Hill                                  ,MN40,3110.0,25981.0,3198.0,2113.0,2000.0,7191.0,7329.0,8414.0,3742.0,2828.0,4462.0,7849.0,4986.0,1764.0,2869.0,50560.0,Upper East Side-Carnegie Hill,30158.0,1647.0,649.0,2750.0,3050.0,14414.0,5690.0,434.0,1129.0,11507.0,1056.0,1466.0,2866.0,2438.0,1113.0,3961.0,2644.0,17324.0,37512.0,18279.0,8718.0,1337.0,280.0,548.0,17018.0,20929.0,2396.0,255.0,3402.0,2741.0,13839.0,8507.0,402.0,2710.0,1431.0,13627.0,5892.0,236.0,465.0
114,12.0,3482.0,799.0,13221.0,Stuyvesant Town-Cooper Village                                 ,MN50,1655.0,9775.0,456.0,170.0,3694.0,5565.0,2305.0,2312.0,1694.0,734.0,1593.0,1677.0,1201.0,900.0,695.0,16565.0,Stuyvesant Town-Cooper Village,13436.0,1050.0,425.0,787.0,900.0,7308.0,2873.0,423.0,511.0,1635.0,461.0,811.0,1116.0,1393.0,661.0,2026.0,1339.0,6532.0,10756.0,7630.0,2562.0,184.0,0.0,342.0,7147.0,6032.0,1137.0,315.0,1595.0,813.0,3313.0,6486.0,226.0,1256.0,447.0,3463.0,4955.0,38.0,114.0
115,332.0,2540.0,25900.0,21211.0,South Jamaica                                                  ,QN01,6740.0,17797.0,3235.0,3382.0,2853.0,5331.0,5386.0,5010.0,1986.0,2962.0,1792.0,2457.0,1108.0,543.0,2963.0,246.0,South Jamaica,15849.0,3537.0,913.0,5197.0,226.0,7891.0,720.0,851.0,1313.0,192.0,1196.0,1684.0,2149.0,1258.0,1401.0,1349.0,510.0,9696.0,13518.0,5192.0,4022.0,2084.0,605.0,2975.0,2598.0,1107.0,7786.0,2599.0,4747.0,1626.0,4656.0,8055.0,848.0,1711.0,802.0,4666.0,6717.0,479.0,288.0
116,0.0,214.0,23640.0,15409.0,Springfield Gardens North                                      ,QN02,2189.0,11116.0,1662.0,1759.0,1719.0,3363.0,3833.0,3744.0,1697.0,1604.0,1432.0,2049.0,1359.0,720.0,1584.0,322.0,Springfield Gardens North,12287.0,1836.0,521.0,4877.0,57.0,5450.0,370.0,404.0,1024.0,99.0,1051.0,1824.0,1801.0,1490.0,653.0,1018.0,611.0,7088.0,10638.0,2745.0,4736.0,2192.0,302.0,1661.0,2884.0,1232.0,5053.0,1092.0,4733.0,1309.0,3234.0,5765.0,897.0,1505.0,811.0,3043.0,4513.0,150.0,448.0
117,0.0,363.0,17389.0,10966.0,Springfield Gardens South-Brookville                           ,QN03,1475.0,9111.0,1408.0,1201.0,1971.0,3165.0,2555.0,3062.0,1063.0,1352.0,1016.0,1189.0,642.0,200.0,1253.0,289.0,Springfield Gardens South-Brookville,9312.0,1185.0,537.0,4410.0,39.0,3456.0,126.0,269.0,239.0,202.0,361.0,523.0,1151.0,840.0,226.0,1502.0,437.0,5356.0,6136.0,915.0,2559.0,1752.0,524.0,1243.0,2032.0,1143.0,3799.0,535.0,3101.0,1028.0,2749.0,4030.0,398.0,750.0,416.0,2843.0,3413.0,330.0,107.0
118,27.0,951.0,23171.0,15643.0,Rosedale                                                       ,QN05,2097.0,12272.0,2028.0,2080.0,2117.0,4119.0,3422.0,4384.0,1846.0,2107.0,1492.0,1501.0,546.0,315.0,1958.0,1395.0,Rosedale,14286.0,1192.0,1138.0,7125.0,192.0,4699.0,251.0,116.0,258.0,499.0,654.0,1029.0,1143.0,1380.0,151.0,1807.0,947.0,5897.0,8223.0,874.0,3563.0,2541.0,1006.0,977.0,3696.0,1538.0,4749.0,736.0,4143.0,1316.0,4221.0,5411.0,637.0,938.0,591.0,4395.0,3956.0,215.0,142.0
119,74.0,7835.0,6851.0,14357.0,Jamaica Estates-Holliswood                                     ,QN06,3473.0,11587.0,1639.0,1346.0,1811.0,2817.0,3387.0,4141.0,1738.0,1322.0,1578.0,2541.0,1473.0,790.0,1361.0,6424.0,Jamaica Estates-Holliswood,11787.0,1022.0,801.0,4699.0,91.0,5228.0,288.0,239.0,976.0,748.0,752.0,1300.0,1654.0,1250.0,361.0,1493.0,736.0,8601.0,10004.0,2343.0,4260.0,2322.0,584.0,1248.0,4655.0,3769.0,3721.0,1267.0,2676.0,1348.0,5185.0,4042.0,506.0,1212.0,662.0,4967.0,3268.0,245.0,187.0
120,8.0,3130.0,12876.0,11059.0,Hollis                                                         ,QN07,2287.0,9420.0,1212.0,1521.0,1864.0,2701.0,2777.0,3283.0,1377.0,851.0,1234.0,1524.0,725.0,399.0,1011.0,523.0,Hollis,9838.0,1850.0,629.0,3889.0,132.0,4207.0,322.0,299.0,480.0,204.0,548.0,761.0,1306.0,615.0,468.0,1088.0,392.0,5442.0,6652.0,1759.0,2236.0,1604.0,562.0,1345.0,2182.0,934.0,4092.0,1339.0,2922.0,1178.0,3306.0,3456.0,519.0,959.0,640.0,3203.0,3760.0,237.0,147.0
121,38.0,763.0,46457.0,28828.0,St. Albans                                                     ,QN08,3681.0,24171.0,3592.0,3742.0,3847.0,6946.0,6867.0,8465.0,3397.0,3275.0,2741.0,3433.0,2328.0,1065.0,3301.0,613.0,St. Albans,25475.0,3910.0,1479.0,11738.0,271.0,10284.0,394.0,368.0,1384.0,533.0,1282.0,1816.0,2651.0,2463.0,677.0,3342.0,1066.0,12863.0,16782.0,3330.0,6331.0,4457.0,1464.0,2673.0,5181.0,2602.0,10936.0,1750.0,8521.0,2809.0,7128.0,10483.0,996.0,2449.0,1551.0,7519.0,8496.0,811.0,589.0
122,8.0,570.0,2184.0,15100.0,Breezy Point-Belle Harbor-Rockaway Park-Broad                  ,QN10,3456.0,14364.0,1885.0,1836.0,1159.0,3001.0,3734.0,4841.0,2210.0,1844.0,2177.0,2557.0,1945.0,776.0,1499.0,22927.0,Breezy Point-Belle Harbor-Rockaway Park-Broad Channel,12214.0,1145.0,959.0,6576.0,250.0,3179.0,497.0,522.0,925.0,829.0,791.0,974.0,1700.0,1857.0,483.0,1984.0,1036.0,10432.0,13546.0,2232.0,4831.0,3177.0,861.0,1604.0,4179.0,3490.0,5209.0,998.0,4011.0,1338.0,6151.0,3240.0,329.0,1525.0,779.0,6121.0,4204.0,180.0,369.0
123,0.0,1426.0,18472.0,19552.0,Hammels-Arverne-Edgemere                                       ,QN12,9260.0,16703.0,2809.0,3176.0,2818.0,4305.0,4641.0,5470.0,1800.0,2690.0,1609.0,2192.0,1398.0,449.0,2898.0,6172.0,Hammels-Arverne-Edgemere,12818.0,2413.0,606.0,4829.0,104.0,5961.0,609.0,776.0,1268.0,249.0,1610.0,1596.0,1969.0,1245.0,1907.0,1286.0,360.0,11852.0,13995.0,5668.0,4709.0,1588.0,301.0,3439.0,2961.0,1214.0,6457.0,1908.0,4340.0,1871.0,3875.0,7216.0,1105.0,1663.0,935.0,4164.0,6448.0,355.0,226.0
124,96.0,1206.0,21733.0,27087.0,Far Rockaway-Bayswater                                         ,QN15,12915.0,23227.0,3441.0,3280.0,4329.0,7654.0,5349.0,5620.0,2859.0,3465.0,2181.0,3576.0,2241.0,940.0,5379.0,13295.0,Far Rockaway-Bayswater,19651.0,2446.0,1114.0,7031.0,567.0,8069.0,2055.0,1293.0,1795.0,677.0,1237.0,1683.0,2399.0,1831.0,2869.0,1577.0,585.0,15257.0,17845.0,7162.0,5207.0,2893.0,684.0,4052.0,4378.0,2752.0,8424.0,3881.0,4934.0,2212.0,6709.0,8439.0,1183.0,2201.0,1065.0,7057.0,8044.0,682.0,437.0
125,192.0,20251.0,2262.0,44789.0,Forest Hills                                                   ,QN17,11025.0,39589.0,3607.0,3136.0,3423.0,13152.0,13787.0,11907.0,5880.0,4329.0,5173.0,7137.0,5200.0,2852.0,4795.0,48721.0,Forest Hills,42367.0,3393.0,2352.0,9052.0,345.0,25325.0,2690.0,1570.0,3381.0,2749.0,2709.0,4299.0,6843.0,5165.0,2337.0,6434.0,3222.0,25332.0,41767.0,16151.0,18348.0,3616.0,594.0,2107.0,19368.0,16165.0,11321.0,2812.0,8235.0,3841.0,18373.0,10860.0,807.0,4364.0,1708.0,18596.0,11367.0,718.0,1013.0
126,64.0,8068.0,571.0,14591.0,Rego Park                                                      ,QN18,5015.0,13304.0,882.0,1031.0,1464.0,5228.0,3672.0,3769.0,2496.0,1171.0,2025.0,2264.0,1453.0,713.0,1727.0,13232.0,Rego Park,14121.0,1366.0,696.0,3452.0,116.0,7978.0,1365.0,465.0,1246.0,571.0,1320.0,1840.0,1974.0,1560.0,977.0,1746.0,687.0,8365.0,12977.0,4925.0,5986.0,1208.0,267.0,1211.0,6738.0,3972.0,4288.0,962.0,2648.0,1295.0,5946.0,4251.0,254.0,1310.0,847.0,6063.0,3725.0,195.0,229.0
127,101.0,1146.0,280.0,16254.0,Glendale                                                       ,QN19,11256.0,15694.0,2014.0,2016.0,2287.0,4918.0,4393.0,4702.0,2113.0,1649.0,1775.0,2501.0,1288.0,485.0,1807.0,18905.0,Glendale,14222.0,1243.0,819.0,5629.0,116.0,6364.0,797.0,458.0,1354.0,384.0,946.0,1426.0,1952.0,1769.0,767.0,1763.0,669.0,10537.0,12519.0,3491.0,5013.0,2259.0,725.0,1926.0,2892.0,1494.0,8175.0,1910.0,4402.0,1314.0,6340.0,4453.0,250.0,1522.0,901.0,6308.0,4852.0,246.0,292.0
128,66.0,5656.0,1327.0,35357.0,Ridgewood                                                      ,QN20,35589.0,34544.0,4561.0,4323.0,5856.0,11977.0,10668.0,9146.0,4324.0,4159.0,2944.0,3645.0,2147.0,848.0,5303.0,26654.0,Ridgewood,31481.0,2990.0,1339.0,5484.0,641.0,20531.0,2256.0,1488.0,2992.0,578.0,2529.0,3303.0,4318.0,3184.0,2282.0,2651.0,749.0,20578.0,26038.0,13277.0,8362.0,1949.0,486.0,4809.0,6153.0,2856.0,15300.0,6632.0,7587.0,2592.0,11846.0,10591.0,1178.0,2537.0,1631.0,12537.0,11885.0,442.0,639.0
129,0.0,3082.0,381.0,20337.0,Middle Village                                                 ,QN21,5985.0,18623.0,2026.0,1928.0,1902.0,5214.0,5734.0,5748.0,2686.0,2177.0,2593.0,3744.0,2325.0,1190.0,1693.0,29358.0,Middle Village,18318.0,1530.0,1319.0,8220.0,171.0,7225.0,821.0,715.0,1164.0,896.0,1427.0,1527.0,2369.0,2196.0,820.0,2815.0,1032.0,12882.0,16116.0,3585.0,6655.0,3519.0,1202.0,2146.0,5533.0,3247.0,9195.0,2428.0,4629.0,1286.0,8707.0,5138.0,360.0,2206.0,969.0,8847.0,4964.0,199.0,388.0
130,599.0,46439.0,2536.0,36610.0,Flushing                                                       ,QN22,10937.0,32292.0,2725.0,3544.0,4331.0,9884.0,9932.0,11477.0,5330.0,3022.0,4215.0,5469.0,3936.0,2246.0,2791.0,6429.0,Flushing,32369.0,3160.0,3977.0,6127.0,824.0,15833.0,4079.0,1805.0,4022.0,593.0,2859.0,3611.0,4271.0,2648.0,3019.0,2297.0,552.0,24243.0,28219.0,14643.0,8954.0,1644.0,436.0,5779.0,9923.0,4329.0,14874.0,7445.0,4943.0,3419.0,15158.0,8827.0,1249.0,3955.0,780.0,15760.0,9972.0,608.0,636.0
131,121.0,7301.0,545.0,12253.0,College Point                                                  ,QN23,9292.0,12217.0,1334.0,1448.0,1561.0,3637.0,3681.0,3174.0,1737.0,1415.0,1646.0,1679.0,1096.0,544.0,1518.0,6789.0,College Point,11552.0,1453.0,1180.0,4126.0,135.0,4280.0,969.0,174.0,857.0,291.0,568.0,1278.0,1633.0,1185.0,362.0,1028.0,420.0,6869.0,8470.0,1762.0,3739.0,1659.0,636.0,1678.0,2943.0,1044.0,5705.0,2002.0,2711.0,1139.0,4854.0,2998.0,332.0,1121.0,816.0,4961.0,3643.0,172.0,167.0
132,0.0,7943.0,8473.0,27727.0,Corona                                                         ,QN25,34214.0,28592.0,3439.0,3914.0,4058.0,10086.0,8510.0,6795.0,3198.0,3960.0,2371.0,2951.0,2025.0,655.0,4357.0,5082.0,Corona,25974.0,2381.0,1681.0,5075.0,624.0,14733.0,2258.0,980.0,2130.0,274.0,1856.0,2500.0,3101.0,2322.0,1683.0,1356.0,299.0,15324.0,17532.0,9054.0,5796.0,1175.0,476.0,4783.0,4008.0,1394.0,10420.0,7677.0,5508.0,2399.0,8372.0,8430.0,1094.0,1988.0,1697.0,9187.0,10157.0,871.0,368.0
133,62.0,3896.0,2043.0,21989.0,North Corona                                                   ,QN26,44775.0,29858.0,2770.0,2738.0,5348.0,12198.0,9234.0,5754.0,1644.0,3476.0,1145.0,1670.0,804.0,346.0,4720.0,806.0,North Corona,26734.0,1881.0,1194.0,3007.0,533.0,18927.0,2101.0,593.0,1466.0,196.0,1653.0,1912.0,2304.0,1379.0,491.0,1405.0,389.0,11868.0,12849.0,7512.0,3260.0,802.0,214.0,4611.0,1989.0,807.0,10417.0,10660.0,2978.0,1250.0,6808.0,7029.0,925.0,787.0,937.0,8912.0,13227.0,824.0,182.0
134,0.0,1087.0,5712.0,11252.0,East Elmhurst                                                  ,QN27,15544.0,12491.0,1403.0,1553.0,2159.0,4313.0,3761.0,3024.0,1218.0,1476.0,1026.0,1110.0,741.0,404.0,1555.0,1056.0,East Elmhurst,11280.0,1163.0,837.0,2432.0,267.0,6369.0,946.0,269.0,585.0,129.0,713.0,1052.0,1155.0,834.0,495.0,860.0,291.0,6554.0,7060.0,2755.0,2479.0,947.0,202.0,1618.0,1628.0,662.0,5957.0,2750.0,2165.0,1066.0,3133.0,3565.0,574.0,802.0,581.0,3454.0,5706.0,296.0,132.0
135,325.0,24657.0,1903.0,52151.0,Jackson Heights                                                ,QN28,58627.0,53188.0,5509.0,6213.0,7950.0,17882.0,15766.0,16288.0,6366.0,5413.0,5390.0,6541.0,4247.0,1623.0,6151.0,17061.0,Jackson Heights,51732.0,5656.0,2116.0,9793.0,969.0,33158.0,3786.0,1691.0,4930.0,1031.0,4321.0,4858.0,7045.0,4561.0,2616.0,4159.0,1349.0,29751.0,39183.0,19650.0,13586.0,2712.0,613.0,7725.0,12742.0,6832.0,21225.0,9939.0,10189.0,4542.0,18003.0,15435.0,1646.0,4096.0,2676.0,19201.0,20911.0,1009.0,747.0
136,162.0,39854.0,1289.0,41505.0,Elmhurst                                                       ,QN29,37502.0,44350.0,4372.0,4354.0,7206.0,15963.0,14652.0,11627.0,5295.0,4186.0,4059.0,5638.0,2460.0,758.0,5285.0,5487.0,Elmhurst,41651.0,2907.0,1646.0,5123.0,494.0,30135.0,2860.0,1591.0,3721.0,648.0,3230.0,3961.0,5633.0,2995.0,2082.0,2789.0,883.0,26599.0,29410.0,15480.0,9735.0,1762.0,556.0,8111.0,10575.0,4015.0,14946.0,11229.0,7244.0,3004.0,15309.0,12307.0,1355.0,2702.0,1851.0,16493.0,17776.0,763.0,452.0
137,18.0,3239.0,233.0,14167.0,Maspeth                                                        ,QN30,7772.0,13644.0,1610.0,1360.0,1690.0,4398.0,4356.0,3984.0,1902.0,1372.0,1885.0,1839.0,1045.0,675.0,1695.0,16242.0,Maspeth,13499.0,1403.0,779.0,5108.0,219.0,6258.0,781.0,517.0,877.0,347.0,1089.0,1560.0,2295.0,1536.0,790.0,1324.0,525.0,7912.0,11838.0,3062.0,4862.0,2108.0,828.0,2132.0,3060.0,1316.0,7140.0,1428.0,3371.0,939.0,5691.0,3783.0,376.0,1001.0,907.0,5988.0,3948.0,133.0,368.0
138,28.0,15866.0,1083.0,31140.0,Hunters Point-Sunnyside-West Maspeth                           ,QN31,20575.0,30425.0,2241.0,2441.0,4370.0,15410.0,11496.0,7802.0,3149.0,2652.0,2795.0,3626.0,1724.0,599.0,3260.0,22570.0,Hunters Point-Sunnyside-West Maspeth,35449.0,2507.0,1414.0,4220.0,1023.0,25021.0,2236.0,1186.0,2665.0,1567.0,2674.0,3269.0,5071.0,3167.0,1518.0,4115.0,1474.0,14928.0,29121.0,16596.0,8507.0,1421.0,182.0,3201.0,11901.0,7072.0,10563.0,4383.0,5813.0,2714.0,11178.0,10389.0,790.0,1746.0,1723.0,11403.0,12180.0,884.0,405.0
139,99.0,352.0,17710.0,10596.0,Cambria Heights                                                ,QN33,863.0,9018.0,838.0,1518.0,1358.0,2050.0,2599.0,3300.0,1416.0,841.0,1433.0,2037.0,1101.0,356.0,767.0,291.0,Cambria Heights,9848.0,694.0,696.0,4753.0,19.0,3538.0,149.0,111.0,315.0,287.0,497.0,581.0,1281.0,942.0,145.0,1424.0,713.0,6402.0,6592.0,721.0,2759.0,2141.0,675.0,916.0,2661.0,1576.0,4272.0,604.0,3045.0,1124.0,3661.0,3178.0,284.0,1064.0,416.0,3695.0,3173.0,321.0,252.0
140,96.0,10750.0,28501.0,30126.0,Queens Village                                                 ,QN34,10343.0,27832.0,3383.0,4126.0,4763.0,7874.0,8240.0,8534.0,4484.0,2783.0,3320.0,4446.0,2126.0,770.0,3109.0,3115.0,Queens Village,28335.0,4068.0,2421.0,12612.0,267.0,10745.0,702.0,603.0,1225.0,661.0,1099.0,1776.0,3164.0,2574.0,600.0,3021.0,1326.0,15519.0,16765.0,2546.0,6478.0,4855.0,2170.0,3747.0,6554.0,2657.0,12217.0,3062.0,7528.0,2206.0,10821.0,9466.0,1024.0,2079.0,1539.0,11069.0,9310.0,564.0,605.0
141,6.0,13262.0,4179.0,19313.0,Briarwood-Jamaica Hills                                        ,QN35,10648.0,19372.0,1495.0,2516.0,2717.0,7124.0,5278.0,5365.0,3091.0,1791.0,2063.0,2673.0,1476.0,770.0,2326.0,8081.0,Briarwood-Jamaica Hills,18728.0,2706.0,632.0,5637.0,175.0,10485.0,1206.0,521.0,1447.0,361.0,1096.0,1972.0,3004.0,1542.0,773.0,2147.0,811.0,11168.0,14375.0,4683.0,6414.0,2137.0,440.0,2216.0,7155.0,4109.0,6070.0,2549.0,3370.0,1518.0,7466.0,5561.0,436.0,1595.0,1164.0,7707.0,6984.0,304.0,338.0
142,47.0,8962.0,2943.0,19719.0,Kew Gardens Hills                                              ,QN37,5184.0,18499.0,2060.0,1990.0,3253.0,5643.0,4870.0,4674.0,2402.0,2605.0,1886.0,2844.0,1750.0,518.0,3723.0,19416.0,Kew Gardens Hills,16594.0,1671.0,1185.0,6315.0,165.0,7142.0,923.0,650.0,1317.0,556.0,1089.0,1570.0,2331.0,1718.0,725.0,2198.0,1101.0,11181.0,14301.0,3434.0,6930.0,2462.0,429.0,1574.0,6308.0,4646.0,5216.0,1453.0,3112.0,1326.0,7901.0,4393.0,535.0,1525.0,519.0,7969.0,5125.0,164.0,373.0
143,45.0,10895.0,3681.0,17734.0,Pomonok-Flushing Heights-Hillcrest                             ,QN38,6387.0,15449.0,1863.0,2813.0,2532.0,4070.0,3824.0,4835.0,2477.0,1916.0,2051.0,2444.0,1673.0,725.0,1960.0,11314.0,Pomonok-Flushing Heights-Hillcrest,13389.0,2173.0,1234.0,5285.0,80.0,5388.0,667.0,754.0,1430.0,357.0,1026.0,1176.0,2115.0,1310.0,1664.0,1462.0,515.0,11635.0,12299.0,3553.0,5048.0,2792.0,416.0,1793.0,4399.0,2457.0,5620.0,1790.0,3955.0,1309.0,6986.0,4456.0,400.0,1382.0,756.0,6876.0,4723.0,177.0,379.0
144,9.0,9074.0,507.0,9639.0,Fresh Meadows-Utopia                                           ,QN41,2279.0,8666.0,1116.0,787.0,1382.0,2439.0,2334.0,3313.0,955.0,1136.0,996.0,1402.0,787.0,467.0,1191.0,5914.0,Fresh Meadows-Utopia,8192.0,892.0,1150.0,3614.0,68.0,2641.0,254.0,267.0,572.0,366.0,661.0,891.0,877.0,1114.0,466.0,1006.0,435.0,5628.0,6980.0,980.0,3622.0,1665.0,388.0,677.0,3634.0,2106.0,2455.0,780.0,1888.0,562.0,4088.0,2386.0,147.0,729.0,390.0,4086.0,2199.0,121.0,154.0
145,21.0,12617.0,418.0,14591.0,Oakland Gardens                                                ,QN42,1977.0,13389.0,1806.0,1361.0,1291.0,3627.0,3906.0,4507.0,2048.0,1394.0,1838.0,2309.0,1333.0,912.0,1648.0,12043.0,Oakland Gardens,13298.0,896.0,1509.0,6950.0,118.0,3569.0,376.0,383.0,984.0,765.0,745.0,1143.0,1714.0,1816.0,591.0,2197.0,822.0,8639.0,11630.0,1400.0,5344.0,3535.0,881.0,798.0,5549.0,3918.0,4501.0,1045.0,3283.0,1225.0,6705.0,2913.0,204.0,1254.0,586.0,6578.0,3246.0,87.0,334.0
146,45.0,10290.0,1588.0,13833.0,Bellerose                                                      ,QN43,5212.0,13213.0,1596.0,1963.0,1739.0,4109.0,3308.0,4416.0,1955.0,1342.0,1472.0,1725.0,1053.0,548.0,1820.0,8770.0,Bellerose,12639.0,1122.0,1082.0,7892.0,75.0,2950.0,233.0,167.0,527.0,510.0,460.0,931.0,1418.0,1126.0,331.0,1808.0,861.0,7863.0,8822.0,729.0,3058.0,3316.0,1036.0,1120.0,4264.0,2551.0,5022.0,1026.0,3131.0,688.0,6197.0,3075.0,308.0,1043.0,588.0,6267.0,3644.0,157.0,321.0
147,89.0,8249.0,807.0,12345.0,Glen Oaks-Floral Park-New Hyde Park                            ,QN44,1784.0,10413.0,1113.0,1043.0,1244.0,2761.0,2445.0,3485.0,1716.0,1011.0,1526.0,1836.0,1921.0,1616.0,1041.0,10947.0,Glen Oaks-Floral Park-New Hyde Park,10482.0,934.0,895.0,6061.0,204.0,2425.0,336.0,402.0,723.0,552.0,666.0,898.0,1394.0,1374.0,350.0,2026.0,835.0,8071.0,9792.0,1258.0,4286.0,2787.0,889.0,904.0,4317.0,3519.0,4084.0,761.0,2486.0,748.0,5052.0,2661.0,285.0,1976.0,647.0,4952.0,2725.0,122.0,425.0
148,0.0,9598.0,591.0,12765.0,Douglas Manor-Douglaston-Little Neck                           ,QN45,2731.0,12426.0,1448.0,1355.0,1186.0,2865.0,3411.0,4141.0,1994.0,1078.0,1782.0,2423.0,1195.0,866.0,1447.0,12104.0,Douglas Manor-Douglaston-Little Neck,12617.0,1058.0,1188.0,7221.0,70.0,2816.0,426.0,271.0,715.0,929.0,810.0,654.0,1410.0,1557.0,394.0,2014.0,899.0,7221.0,10117.0,889.0,4451.0,3203.0,1110.0,650.0,5914.0,3979.0,3399.0,920.0,2655.0,820.0,6196.0,2999.0,200.0,1010.0,546.0,5930.0,3103.0,171.0,243.0
149,195.0,17264.0,787.0,24147.0,Bayside-Bayside Hills                                          ,QN46,6297.0,22133.0,2765.0,2526.0,2554.0,6385.0,6403.0,7378.0,3235.0,2296.0,2962.0,3934.0,1982.0,1467.0,2393.0,20405.0,Bayside-Bayside Hills,22084.0,2313.0,2311.0,11097.0,224.0,6520.0,576.0,561.0,1469.0,1102.0,1146.0,1797.0,2323.0,2442.0,602.0,3023.0,1583.0,13926.0,16860.0,2009.0,7140.0,5255.0,1644.0,1535.0,8739.0,5463.0,7935.0,2521.0,5125.0,1465.0,10471.0,5921.0,469.0,2168.0,1018.0,10322.0,6262.0,280.0,450.0
150,22.0,4662.0,107.0,11633.0,Ft. Totten-Bay Terrace-Clearview                               ,QN47,2138.0,10558.0,946.0,1072.0,1212.0,1968.0,2918.0,3454.0,1671.0,909.0,1447.0,2283.0,2359.0,1070.0,882.0,14761.0,Ft. Totten-Bay Terrace-Clearview,10121.0,1257.0,520.0,5845.0,103.0,2949.0,158.0,225.0,788.0,725.0,780.0,1112.0,1859.0,1301.0,615.0,1651.0,1097.0,7800.0,10776.0,1343.0,5529.0,2648.0,633.0,900.0,4138.0,3471.0,4002.0,654.0,2820.0,959.0,5243.0,2484.0,91.0,1500.0,462.0,5310.0,2815.0,76.0,514.0
151,27.0,8921.0,172.0,10623.0,Auburndale                                                     ,QN48,2509.0,10093.0,1039.0,998.0,1221.0,2627.0,2959.0,3153.0,1556.0,922.0,1518.0,1639.0,1211.0,542.0,1331.0,8616.0,Auburndale,9710.0,841.0,1067.0,4446.0,89.0,3253.0,234.0,333.0,430.0,459.0,633.0,741.0,1397.0,965.0,306.0,1381.0,557.0,6568.0,7488.0,847.0,3155.0,2385.0,815.0,1297.0,3277.0,2433.0,3770.0,1064.0,2250.0,718.0,4940.0,2373.0,99.0,1092.0,302.0,5011.0,2623.0,30.0,236.0
152,38.0,5752.0,172.0,16852.0,Whitestone                                                     ,QN49,5008.0,15780.0,1866.0,1753.0,1457.0,4112.0,4178.0,5147.0,1912.0,1714.0,2035.0,3305.0,2041.0,894.0,2218.0,21104.0,Whitestone,14406.0,1541.0,1215.0,8593.0,94.0,3243.0,492.0,302.0,926.0,930.0,967.0,1136.0,2054.0,1496.0,324.0,2580.0,1018.0,10569.0,12399.0,1087.0,4742.0,4316.0,1588.0,1332.0,4990.0,2975.0,6995.0,1530.0,4069.0,1095.0,7495.0,3256.0,426.0,1627.0,738.0,7514.0,4076.0,158.0,449.0
153,36.0,14225.0,206.0,13352.0,Elmhurst-Maspeth                                               ,QN50,7425.0,12664.0,1188.0,1439.0,1268.0,5312.0,4509.0,3731.0,1499.0,1464.0,1419.0,1614.0,1003.0,251.0,1319.0,3894.0,Elmhurst-Maspeth,13355.0,772.0,827.0,2459.0,145.0,8410.0,1041.0,375.0,715.0,446.0,885.0,1401.0,1725.0,882.0,461.0,990.0,368.0,7776.0,8815.0,3300.0,3550.0,1190.0,208.0,2272.0,4081.0,1581.0,4420.0,2662.0,2459.0,665.0,5591.0,3852.0,220.0,997.0,512.0,5761.0,4192.0,131.0,124.0
154,84.0,28566.0,780.0,27510.0,Murray Hill                                                    ,QN51,7898.0,24611.0,2197.0,2361.0,3345.0,7980.0,7595.0,8184.0,3701.0,2429.0,3267.0,4482.0,2629.0,1317.0,2634.0,13747.0,Murray Hill,24485.0,2428.0,2864.0,8895.0,350.0,9375.0,1882.0,820.0,1690.0,1049.0,2473.0,2332.0,2632.0,2046.0,1497.0,2419.0,977.0,17529.0,18963.0,6192.0,7303.0,3221.0,1219.0,3778.0,8179.0,4482.0,10453.0,3986.0,5066.0,1619.0,11993.0,6549.0,828.0,2664.0,933.0,11893.0,7463.0,541.0,378.0
155,162.0,16362.0,367.0,13875.0,East Flushing                                                  ,QN52,4241.0,13529.0,1174.0,1319.0,2101.0,4225.0,4012.0,4729.0,1693.0,1499.0,1403.0,2159.0,1421.0,535.0,1134.0,5381.0,East Flushing,12566.0,1503.0,1378.0,4278.0,290.0,5213.0,764.0,350.0,765.0,317.0,810.0,1044.0,1560.0,1171.0,857.0,1369.0,428.0,9200.0,9279.0,2314.0,3953.0,1703.0,701.0,1953.0,4121.0,1737.0,4948.0,2754.0,2741.0,905.0,6107.0,3385.0,187.0,1418.0,518.0,6080.0,4598.0,106.0,293.0
156,76.0,13554.0,3029.0,30868.0,Woodhaven                                                      ,QN53,33286.0,30417.0,3767.0,4532.0,5148.0,9825.0,8942.0,8664.0,3685.0,4258.0,2879.0,2982.0,1329.0,701.0,4573.0,9478.0,Woodhaven,28308.0,3906.0,1642.0,8103.0,218.0,15182.0,1392.0,669.0,1736.0,812.0,1605.0,2282.0,3197.0,2404.0,997.0,2442.0,1188.0,15537.0,18717.0,5633.0,7684.0,3055.0,960.0,4610.0,5710.0,2628.0,11657.0,4812.0,6681.0,2468.0,11383.0,8586.0,735.0,1824.0,1530.0,11353.0,10014.0,442.0,352.0
157,496.0,19762.0,5779.0,33010.0,Richmond Hill                                                  ,QN54,21993.0,31559.0,4400.0,4919.0,5592.0,9829.0,9371.0,9255.0,4146.0,4297.0,3396.0,3277.0,1501.0,649.0,3937.0,6813.0,Richmond Hill,29476.0,3593.0,2162.0,8837.0,500.0,14685.0,1681.0,756.0,1724.0,533.0,1595.0,2281.0,3565.0,2493.0,1077.0,2475.0,952.0,17794.0,18856.0,5606.0,7210.0,3495.0,1140.0,5314.0,6402.0,2808.0,13537.0,5357.0,5323.0,2233.0,12660.0,8755.0,836.0,1979.0,1526.0,13206.0,9735.0,609.0,396.0
158,493.0,18722.0,19696.0,42091.0,South Ozone Park                                               ,QN55,17046.0,39456.0,5442.0,5664.0,7222.0,11924.0,11591.0,12729.0,5608.0,4517.0,4318.0,5030.0,2363.0,709.0,4430.0,5303.0,South Ozone Park,37982.0,4940.0,3084.0,13351.0,556.0,18239.0,1157.0,829.0,2046.0,878.0,2428.0,3178.0,3922.0,3160.0,1132.0,3350.0,1309.0,23115.0,23329.0,5844.0,9188.0,5171.0,2029.0,5856.0,7076.0,2282.0,20387.0,7249.0,7831.0,3187.0,15246.0,11695.0,1532.0,2772.0,1689.0,15989.0,13565.0,876.0,607.0
159,39.0,5473.0,1300.0,11733.0,Ozone Park                                                     ,QN56,8919.0,10839.0,1608.0,1503.0,1760.0,2980.0,3304.0,3728.0,1481.0,1203.0,1021.0,1242.0,694.0,356.0,1692.0,6050.0,Ozone Park,10195.0,1325.0,724.0,4077.0,155.0,4337.0,368.0,229.0,577.0,277.0,396.0,889.0,1561.0,930.0,472.0,1338.0,344.0,6179.0,7562.0,1402.0,3121.0,1951.0,539.0,1405.0,2025.0,1128.0,5043.0,1517.0,2349.0,1036.0,4488.0,2761.0,261.0,812.0,755.0,4553.0,3019.0,197.0,187.0
160,0.0,696.0,686.0,15183.0,Lindenwood-Howard Beach                                        ,QN57,5495.0,12911.0,1295.0,1253.0,1156.0,3321.0,3818.0,3747.0,2186.0,1756.0,1932.0,2952.0,2126.0,1145.0,1407.0,20612.0,Lindenwood-Howard Beach,12902.0,1298.0,1164.0,7267.0,113.0,3653.0,261.0,500.0,918.0,823.0,1023.0,1319.0,1850.0,1732.0,403.0,1763.0,728.0,9221.0,11702.0,1855.0,4743.0,3422.0,1039.0,2231.0,3504.0,1821.0,7315.0,1423.0,3182.0,1380.0,6312.0,3048.0,266.0,1907.0,664.0,6124.0,3459.0,139.0,337.0
161,43.0,3848.0,1877.0,12129.0,Kew Gardens                                                    ,QN60,5920.0,11069.0,1121.0,1058.0,1342.0,4643.0,3103.0,3127.0,1550.0,950.0,1562.0,2006.0,856.0,543.0,1337.0,11167.0,Kew Gardens,12216.0,1129.0,894.0,3220.0,319.0,6416.0,679.0,353.0,1005.0,437.0,851.0,1270.0,2164.0,1506.0,396.0,1536.0,695.0,6171.0,11070.0,4380.0,4688.0,972.0,173.0,1056.0,4367.0,3744.0,3274.0,933.0,2414.0,796.0,4852.0,3312.0,338.0,1058.0,616.0,5012.0,3502.0,94.0,210.0
162,430.0,15630.0,10573.0,27509.0,Jamaica                                                        ,QN61,20859.0,26544.0,3357.0,3302.0,3680.0,8849.0,8510.0,7325.0,3374.0,3455.0,2173.0,3599.0,1782.0,567.0,4080.0,2039.0,Jamaica,24037.0,4086.0,1120.0,4818.0,393.0,15391.0,1587.0,972.0,2251.0,320.0,2161.0,2524.0,2742.0,1709.0,1618.0,1293.0,384.0,14365.0,16973.0,8939.0,5105.0,1645.0,285.0,4645.0,4482.0,2170.0,10479.0,7475.0,4281.0,1658.0,9119.0,8736.0,1173.0,2107.0,1313.0,9724.0,8345.0,524.0,462.0
163,131.0,13041.0,250.0,10724.0,Queensboro Hill                                                ,QN62,3862.0,10557.0,912.0,1495.0,1538.0,3147.0,2711.0,3633.0,1371.0,1306.0,1262.0,1542.0,827.0,375.0,1162.0,3546.0,Queensboro Hill,9348.0,1082.0,1491.0,3197.0,28.0,3651.0,565.0,207.0,652.0,303.0,730.0,937.0,1470.0,738.0,394.0,627.0,260.0,7225.0,6748.0,1343.0,3231.0,1349.0,395.0,1866.0,2575.0,1577.0,3873.0,2042.0,1730.0,564.0,5122.0,2232.0,128.0,789.0,454.0,5137.0,3241.0,107.0,127.0
164,45.0,16629.0,659.0,21852.0,Woodside                                                       ,QN63,15325.0,22026.0,2046.0,1993.0,2803.0,8716.0,7771.0,5558.0,2528.0,2502.0,2510.0,2822.0,1433.0,742.0,2454.0,10259.0,Woodside,22261.0,2073.0,792.0,3026.0,193.0,16271.0,1099.0,721.0,1576.0,457.0,1766.0,2554.0,3152.0,2106.0,1053.0,2160.0,620.0,12136.0,17186.0,8334.0,6525.0,1046.0,260.0,2987.0,7618.0,2990.0,7401.0,3986.0,4086.0,1525.0,8047.0,6945.0,757.0,1419.0,1001.0,8474.0,7788.0,585.0,335.0
165,31.0,340.0,23389.0,14587.0,Laurelton                                                      ,QN66,1239.0,11483.0,1699.0,1839.0,1727.0,3031.0,3265.0,4116.0,1640.0,1405.0,1822.0,2295.0,1524.0,395.0,1312.0,456.0,Laurelton,12434.0,1212.0,870.0,5738.0,127.0,4668.0,257.0,216.0,628.0,422.0,473.0,925.0,1387.0,1325.0,207.0,1745.0,753.0,7464.0,8553.0,1165.0,3277.0,2517.0,1122.0,1836.0,3046.0,1867.0,4769.0,850.0,3916.0,1438.0,4287.0,4911.0,561.0,1144.0,670.0,4313.0,3814.0,199.0,317.0
166,96.0,3096.0,4113.0,9999.0,Queensbridge-Ravenswood-Long Island City                       ,QN68,7847.0,8709.0,1214.0,1339.0,1767.0,3194.0,2557.0,2739.0,865.0,1227.0,892.0,972.0,551.0,144.0,1247.0,3212.0,Queensbridge-Ravenswood-Long Island City,8106.0,1502.0,288.0,1437.0,183.0,5002.0,578.0,869.0,1184.0,84.0,770.0,791.0,985.0,655.0,1405.0,407.0,208.0,5252.0,7826.0,5159.0,1697.0,481.0,21.0,1751.0,1888.0,714.0,3175.0,1756.0,1862.0,1046.0,2319.0,3862.0,330.0,681.0,495.0,2440.0,3611.0,220.0,16.0
167,21.0,10218.0,3672.0,37581.0,Astoria                                                        ,QN70,20390.0,37676.0,2611.0,2828.0,6231.0,19610.0,11772.0,9577.0,3625.0,2600.0,3385.0,5077.0,3522.0,1456.0,2963.0,39313.0,Astoria,42518.0,4665.0,1148.0,5776.0,984.0,29367.0,2938.0,1704.0,3698.0,996.0,3161.0,4703.0,6385.0,4275.0,3084.0,4340.0,1521.0,19394.0,36687.0,21962.0,9498.0,1971.0,436.0,4386.0,15097.0,8296.0,12209.0,5971.0,7431.0,3315.0,11641.0,14018.0,1442.0,3274.0,2074.0,12528.0,17203.0,929.0,659.0
168,265.0,5101.0,2896.0,14055.0,Old Astoria                                                    ,QN71,8694.0,14238.0,1319.0,1530.0,2557.0,7510.0,4298.0,3295.0,1412.0,1170.0,813.0,1481.0,922.0,267.0,1719.0,10790.0,Old Astoria,15287.0,1718.0,518.0,2568.0,580.0,9267.0,1137.0,492.0,1372.0,443.0,1348.0,1591.0,1668.0,1279.0,1115.0,1323.0,595.0,6758.0,12289.0,6500.0,3672.0,908.0,146.0,1797.0,5219.0,2709.0,4619.0,2223.0,2411.0,1077.0,4245.0,5395.0,444.0,800.0,828.0,4560.0,6393.0,150.0,193.0
169,34.0,4733.0,876.0,24038.0,Steinway                                                       ,QN72,10036.0,23247.0,1888.0,1886.0,3296.0,12160.0,7271.0,5813.0,2252.0,1736.0,2505.0,3059.0,2298.0,974.0,2147.0,30574.0,Steinway,25569.0,2641.0,1036.0,5581.0,467.0,15181.0,1597.0,955.0,1823.0,714.0,1590.0,2721.0,4002.0,2577.0,1317.0,3241.0,1188.0,12815.0,22034.0,8895.0,8331.0,2437.0,465.0,2139.0,9958.0,5159.0,8171.0,3333.0,5053.0,1834.0,8627.0,8393.0,535.0,2021.0,1358.0,8785.0,9316.0,386.0,259.0
170,85.0,1438.0,26733.0,18890.0,Baisley Park                                                   ,QN76,4597.0,16761.0,2501.0,3049.0,2970.0,5121.0,4942.0,5198.0,2139.0,2230.0,1613.0,2137.0,1148.0,482.0,2121.0,305.0,Baisley Park,16199.0,2613.0,1001.0,6327.0,144.0,7193.0,622.0,300.0,863.0,391.0,913.0,1356.0,2335.0,1715.0,621.0,1536.0,500.0,9357.0,11694.0,2973.0,4324.0,2508.0,725.0,2517.0,2525.0,1166.0,7961.0,1673.0,5014.0,1670.0,4942.0,6707.0,835.0,1567.0,771.0,5209.0,6274.0,521.0,303.0
171,0.0,1021.0,75.0,14240.0,Annadale-Huguenot-Prince's Bay-Eltingville                     ,SI01,1951.0,14398.0,2014.0,1756.0,2091.0,3165.0,3915.0,4382.0,2060.0,1531.0,1947.0,2719.0,1267.0,402.0,1389.0,25392.0,Annadale-Huguenot-Prince's Bay-Eltingville,13027.0,926.0,1044.0,8909.0,52.0,2485.0,185.0,299.0,439.0,986.0,533.0,1020.0,1575.0,1562.0,492.0,2004.0,956.0,9331.0,10400.0,557.0,3134.0,4197.0,1978.0,1274.0,3857.0,2080.0,6814.0,688.0,3883.0,976.0,6650.0,2973.0,145.0,1170.0,526.0,6768.0,4159.0,41.0,296.0
172,54.0,6416.0,1920.0,21215.0,New Springville-Bloomfield-Travis                              ,SI05,5251.0,19041.0,2746.0,2317.0,2341.0,5101.0,5014.0,5836.0,3210.0,2371.0,2650.0,3453.0,1954.0,998.0,2265.0,26301.0,New Springville-Bloomfield-Travis,17794.0,1348.0,1751.0,10420.0,187.0,4169.0,464.0,389.0,994.0,894.0,1064.0,1287.0,2179.0,2240.0,677.0,2361.0,1462.0,13340.0,14327.0,1445.0,5416.0,4922.0,1764.0,1627.0,5061.0,3747.0,9297.0,1060.0,5322.0,1735.0,9195.0,4204.0,255.0,2020.0,711.0,9416.0,4636.0,113.0,589.0
173,27.0,1805.0,608.0,12348.0,Westerleigh                                                    ,SI07,3326.0,12021.0,1616.0,1492.0,1386.0,2407.0,3904.0,3624.0,1564.0,1440.0,1567.0,1855.0,1268.0,747.0,1499.0,18096.0,Westerleigh,10914.0,903.0,908.0,6413.0,75.0,2887.0,289.0,292.0,759.0,626.0,422.0,698.0,1623.0,1421.0,390.0,1906.0,1037.0,7739.0,9728.0,1271.0,3547.0,3161.0,1195.0,1021.0,3457.0,2116.0,5132.0,389.0,3591.0,720.0,5286.0,2595.0,290.0,1437.0,375.0,5496.0,3131.0,122.0,362.0
174,288.0,2553.0,7969.0,13207.0,Grymes Hill-Clifton-Fox Hills                                  ,SI08,5856.0,10345.0,1503.0,2513.0,2409.0,3449.0,2733.0,3196.0,877.0,1912.0,1013.0,1269.0,634.0,291.0,1753.0,6463.0,Grymes Hill-Clifton-Fox Hills,10062.0,1141.0,617.0,4131.0,132.0,4349.0,437.0,320.0,546.0,323.0,872.0,1249.0,1332.0,810.0,804.0,1257.0,386.0,6975.0,8432.0,2262.0,3553.0,1729.0,355.0,1377.0,2277.0,1387.0,3479.0,1302.0,2417.0,714.0,3242.0,5041.0,483.0,932.0,512.0,3339.0,3793.0,218.0,110.0
175,22.0,891.0,540.0,12085.0,Charleston-Richmond Valley-Tottenville                         ,SI11,3069.0,12374.0,1741.0,1718.0,1485.0,2885.0,4187.0,3962.0,1403.0,2014.0,1072.0,1726.0,596.0,195.0,1475.0,19682.0,Charleston-Richmond Valley-Tottenville,10643.0,608.0,848.0,7247.0,82.0,2130.0,68.0,295.0,498.0,928.0,393.0,588.0,1335.0,1091.0,284.0,1459.0,835.0,7645.0,8275.0,601.0,2099.0,3279.0,1727.0,1134.0,3059.0,1968.0,4786.0,534.0,3246.0,634.0,5263.0,2484.0,114.0,989.0,379.0,5452.0,3515.0,167.0,232.0
176,29.0,2361.0,8848.0,15880.0,Mariner's Harbor-Arlington-Port Ivory-Granite                  ,SI12,11075.0,14067.0,2493.0,2482.0,2550.0,4301.0,4198.0,4509.0,1682.0,1951.0,1243.0,1364.0,669.0,254.0,2251.0,6907.0,Mariner's Harbor-Arlington-Port Ivory-Graniteville,12045.0,1183.0,988.0,6083.0,60.0,4250.0,280.0,472.0,872.0,310.0,1089.0,1179.0,1339.0,1385.0,1168.0,1670.0,487.0,9558.0,11240.0,2546.0,4174.0,2534.0,717.0,1744.0,2627.0,1565.0,6291.0,1302.0,3032.0,1166.0,4889.0,4996.0,421.0,1033.0,559.0,5076.0,4674.0,246.0,192.0
177,0.0,2149.0,766.0,8100.0,Grasmere-Arrochar-Ft. Wadsworth                                ,SI14,1796.0,6977.0,891.0,794.0,880.0,2152.0,1859.0,2196.0,1125.0,919.0,1201.0,1171.0,521.0,375.0,993.0,10227.0,Grasmere-Arrochar-Ft. Wadsworth,6323.0,596.0,532.0,2994.0,41.0,2408.0,193.0,238.0,378.0,311.0,410.0,577.0,785.0,826.0,460.0,1118.0,392.0,4938.0,6004.0,1095.0,2134.0,1747.0,519.0,1010.0,2066.0,1650.0,2744.0,679.0,1600.0,672.0,3343.0,1795.0,256.0,631.0,218.0,3348.0,1691.0,98.0,222.0
178,2.0,1531.0,11446.0,16226.0,West New Brighton-New Brighton-St. George                      ,SI22,9560.0,15621.0,2442.0,2507.0,2227.0,4565.0,4461.0,4578.0,1709.0,2264.0,1458.0,1805.0,1015.0,313.0,2503.0,8468.0,West New Brighton-New Brighton-St. George,12733.0,1679.0,1131.0,4597.0,156.0,5551.0,810.0,867.0,1342.0,394.0,1039.0,1295.0,1708.0,1292.0,1602.0,1441.0,631.0,9760.0,13791.0,4648.0,4554.0,2036.0,373.0,2219.0,3274.0,2405.0,6022.0,1204.0,3435.0,1235.0,4492.0,5292.0,615.0,1023.0,807.0,4777.0,5734.0,296.0,367.0
179,6.0,4631.0,549.0,16567.0,Todt Hill-Emerson Hill-Heartland Village-Ligh                  ,SI24,3307.0,14701.0,2013.0,1943.0,2022.0,2895.0,4185.0,5222.0,2461.0,1572.0,2339.0,2793.0,1559.0,970.0,1294.0,22506.0,Todt Hill-Emerson Hill-Heartland Village-Lighthouse Hill,14524.0,762.0,1362.0,8393.0,92.0,3822.0,294.0,371.0,658.0,1019.0,859.0,1355.0,1687.0,1399.0,391.0,2255.0,1197.0,10667.0,11679.0,1386.0,3834.0,4262.0,1709.0,1474.0,4175.0,3421.0,6917.0,1168.0,3868.0,1143.0,7476.0,3461.0,276.0,1788.0,575.0,7234.0,3924.0,72.0,440.0
180,0.0,658.0,631.0,11678.0,Oakwood-Oakwood Beach                                          ,SI25,2546.0,10065.0,1231.0,1291.0,1272.0,2677.0,2592.0,3200.0,1470.0,1139.0,1421.0,2191.0,1618.0,504.0,1137.0,17663.0,Oakwood-Oakwood Beach,9762.0,826.0,898.0,5294.0,154.0,2780.0,268.0,181.0,738.0,616.0,685.0,818.0,1454.0,840.0,320.0,1742.0,789.0,7422.0,8644.0,1270.0,2859.0,2837.0,1217.0,959.0,2661.0,1999.0,5164.0,568.0,3015.0,752.0,4888.0,2514.0,215.0,1650.0,366.0,5014.0,2518.0,126.0,193.0
181,0.0,870.0,3216.0,9789.0,Port Richmond                                                  ,SI28,5909.0,8867.0,1000.0,1139.0,1310.0,3078.0,2428.0,2183.0,1146.0,1395.0,1228.0,877.0,759.0,383.0,1730.0,8192.0,Port Richmond,7722.0,618.0,377.0,3970.0,102.0,2599.0,360.0,304.0,623.0,266.0,443.0,589.0,976.0,789.0,705.0,875.0,654.0,5957.0,6939.0,1725.0,2164.0,1534.0,801.0,1196.0,1832.0,996.0,4082.0,740.0,2350.0,572.0,3268.0,2576.0,277.0,783.0,375.0,3497.0,2880.0,92.0,211.0
182,0.0,1016.0,58.0,10465.0,Rossville-Woodrow                                              ,SI32,1506.0,9832.0,1399.0,1172.0,1253.0,2696.0,2967.0,3093.0,1538.0,1443.0,1581.0,1433.0,509.0,168.0,1045.0,17610.0,Rossville-Woodrow,9227.0,549.0,646.0,5981.0,98.0,2047.0,130.0,286.0,229.0,866.0,491.0,486.0,1404.0,878.0,331.0,1310.0,866.0,6268.0,7396.0,553.0,2328.0,3002.0,1264.0,524.0,2455.0,1825.0,4574.0,442.0,2909.0,938.0,4869.0,1950.0,185.0,523.0,273.0,5091.0,2369.0,24.0,188.0
183,7.0,948.0,2044.0,8988.0,New Brighton-Silver Lake                                       ,SI35,4809.0,9661.0,1323.0,1466.0,1270.0,2301.0,2540.0,2977.0,1234.0,1197.0,1109.0,943.0,565.0,409.0,1315.0,10574.0,New Brighton-Silver Lake,7786.0,879.0,419.0,4326.0,86.0,2474.0,197.0,128.0,505.0,659.0,508.0,612.0,925.0,909.0,534.0,1046.0,418.0,5852.0,6909.0,1242.0,2344.0,1910.0,748.0,642.0,1946.0,1904.0,3759.0,687.0,2162.0,487.0,3441.0,2275.0,259.0,697.0,358.0,3681.0,3420.0,82.0,114.0
184,39.0,2421.0,886.0,12923.0,Old Town-Dongan Hills-South Beach                              ,SI36,3563.0,12369.0,1434.0,1393.0,2070.0,3412.0,3361.0,3658.0,1713.0,1321.0,1498.0,2038.0,1348.0,755.0,1291.0,18037.0,Old Town-Dongan Hills-South Beach,10680.0,980.0,820.0,5358.0,112.0,3702.0,468.0,496.0,1090.0,447.0,670.0,953.0,1394.0,1028.0,505.0,1462.0,756.0,9128.0,9458.0,1619.0,3755.0,2466.0,961.0,1341.0,3642.0,1798.0,6080.0,919.0,2786.0,1000.0,5075.0,3376.0,282.0,1401.0,561.0,5395.0,3666.0,57.0,433.0
185,14.0,2511.0,5302.0,13465.0,Stapleton-Rosebank                                             ,SI37,8410.0,13439.0,1778.0,1872.0,2150.0,4186.0,3495.0,4056.0,1811.0,1699.0,1038.0,1719.0,1041.0,435.0,1624.0,10132.0,Stapleton-Rosebank,11498.0,992.0,735.0,4883.0,96.0,4580.0,499.0,425.0,1199.0,295.0,851.0,931.0,1343.0,1275.0,863.0,1543.0,599.0,9029.0,10303.0,3033.0,3620.0,2040.0,631.0,2003.0,2703.0,1591.0,5509.0,1720.0,3038.0,905.0,4493.0,4226.0,271.0,1059.0,651.0,4864.0,4672.0,308.0,354.0
186,0.0,1592.0,344.0,10715.0,New Dorp-Midland Beach                                         ,SI45,3236.0,10414.0,1031.0,1372.0,1250.0,2676.0,2800.0,3708.0,1305.0,1205.0,1278.0,1714.0,884.0,466.0,1440.0,15904.0,New Dorp-Midland Beach,9259.0,879.0,862.0,5062.0,56.0,2773.0,254.0,232.0,597.0,555.0,670.0,913.0,1163.0,1026.0,497.0,1441.0,835.0,7024.0,8545.0,1182.0,2753.0,2784.0,1210.0,869.0,2638.0,1701.0,5039.0,533.0,3063.0,543.0,4922.0,2490.0,170.0,973.0,376.0,4980.0,2601.0,128.0,270.0
187,14.0,1550.0,257.0,12283.0,Arden Heights                                                  ,SI48,2829.0,12336.0,1487.0,1795.0,1448.0,3012.0,3848.0,3594.0,1892.0,1428.0,2116.0,2006.0,619.0,256.0,1118.0,19869.0,Arden Heights,11783.0,1140.0,1212.0,7405.0,8.0,2768.0,11.0,237.0,445.0,698.0,449.0,686.0,1328.0,1495.0,386.0,2118.0,987.0,7144.0,9198.0,390.0,3184.0,3939.0,1316.0,869.0,3716.0,2075.0,5445.0,631.0,3202.0,723.0,6147.0,2755.0,104.0,697.0,467.0,6248.0,3128.0,22.0,295.0
188,11.0,1555.0,111.0,22212.0,Great Kills                                                    ,SI54,4025.0,21309.0,2741.0,2616.0,2817.0,5175.0,5953.0,7173.0,3168.0,2645.0,2957.0,3781.0,1875.0,633.0,1987.0,37589.0,Great Kills,20473.0,1621.0,2046.0,11535.0,126.0,5519.0,210.0,330.0,964.0,1135.0,964.0,1300.0,2329.0,2426.0,395.0,3429.0,2196.0,13608.0,15900.0,1277.0,5663.0,5976.0,2552.0,1452.0,5153.0,3668.0,11162.0,863.0,5896.0,1679.0,9999.0,4761.0,383.0,2159.0,769.0,10080.0,5731.0,216.0,371.0
